candidate_delta_id	target_id	registry_id	source_url	page_role	raw_candidate_text	normalized_comparison_key	source_location_or_context	reconciliation_status	existing_m4c_candidate_ids	semantic_notes	proposed_m6_route	claim_boundary
M4QR2CD00001	M4QR2TR0001	REG019	https://legasoft.ru/about/blog/marketpleysy/avtomatizatsiya-planirovaniya-postavok-s-pomoshchyu-iskusstvennogo-intellekta/	ARTICLE_OR_GUIDE	Автоматизация планирования поставок на WB с помощью искусственного интеллекта	автоматизация планирования поставок на wb с помощью искусственного интеллекта	H1; Автоматизация планирования поставок на WB с помощью искусственного интеллекта	POSSIBLE_VARIANT		Distinct exact wording of a broad accepted seller task; possible variant only, no synonym/identity merge.	KEEP_EXISTING_VALIDATION_QUESTION_PENDING_EXACT_DEMAND_CHECK	TARGETED_PUBLIC_PAGE_OBSERVATION_ONLY; NOT_WORDSTAT_DEMAND; NOT_OCTOPORT_PRODUCT_FACT; NOT_FINAL_CLUSTER_OR_PAGE_DECISION; NEW_CANDIDATE_OR_POSSIBLE_VARIANT_IS_NOT_DEMAND
M4QR2CD00002	M4QR2TR0001	REG019	https://legasoft.ru/about/blog/marketpleysy/avtomatizatsiya-planirovaniya-postavok-s-pomoshchyu-iskusstvennogo-intellekta/	ARTICLE_OR_GUIDE	Сбор данных для ИИ: Первый шаг к умным поставкам	сбор данных для ии: первый шаг к умным поставкам	H3[1]; Автоматизация планирования поставок на WB с помощью искусственного интеллекта	NEW_CANDIDATE		Previously unrecorded exact source wording of a concrete seller task; no Wordstat/Search demand proof from page.	ADD_CANDIDATE_FOR_LATER_M6_VALIDATION_ONLY	TARGETED_PUBLIC_PAGE_OBSERVATION_ONLY; NOT_WORDSTAT_DEMAND; NOT_OCTOPORT_PRODUCT_FACT; NOT_FINAL_CLUSTER_OR_PAGE_DECISION; NEW_CANDIDATE_OR_POSSIBLE_VARIANT_IS_NOT_DEMAND
M4QR2CD00003	M4QR2TR0002	REG019	https://legasoft.ru/about/blog/marketpleysy/skhema-dokumentooborota-s-marketpleysami-vozvraty-spisaniya-na-primere-1s-unf/?sphrase_id=1691743	ARTICLE_OR_GUIDE	Схема документооборота с маркетплейсами. Возвраты, списания на примере 1С:УНФ	схема документооборота с маркетплейсами. возвраты, списания на примере 1с:унф	H1; Схема документооборота с маркетплейсами. Возвраты, списания на примере 1С:УНФ	OUT_OF_SCOPE		Explicit 1C/accounting, external intelligence, onboarding/mutation, or another task outside launch product scope; preserve as page evidence.	NO_M6_PROMOTION_UNSUPPORTED_OR_DIFFERENT_TASK	TARGETED_PUBLIC_PAGE_OBSERVATION_ONLY; NOT_WORDSTAT_DEMAND; NOT_OCTOPORT_PRODUCT_FACT; NOT_FINAL_CLUSTER_OR_PAGE_DECISION; NEW_CANDIDATE_OR_POSSIBLE_VARIANT_IS_NOT_DEMAND
M4QR2CD00004	M4QR2TR0003	REG022	https://marpla.ru/blog/kak-chitat-i-analizirovat-otchety-o-prodazhakh-na-wildberries/	ARTICLE_OR_GUIDE	Как читать и анализировать отчеты о продажах на Wildberries	как читать и анализировать отчеты о продажах на wildberries	H1; Как читать и анализировать отчеты о продажах на Wildberries	ALREADY_PRESENT	M4CCAND003557	Exact-safe raw wording already occurs in accepted M4C (1 source occurrences; same entity=1); no new demand claim.	KEEP_EXISTING_M4C_M6_ROUTE	TARGETED_PUBLIC_PAGE_OBSERVATION_ONLY; NOT_WORDSTAT_DEMAND; NOT_OCTOPORT_PRODUCT_FACT; NOT_FINAL_CLUSTER_OR_PAGE_DECISION; NEW_CANDIDATE_OR_POSSIBLE_VARIANT_IS_NOT_DEMAND
M4QR2CD00005	M4QR2TR0003	REG022	https://marpla.ru/blog/kak-chitat-i-analizirovat-otchety-o-prodazhakh-na-wildberries/	ARTICLE_OR_GUIDE	Как скачать отчёт о продажах на Wildberries	как скачать отчёт о продажах на wildberries	H2[5]; Как читать и анализировать отчеты о продажах на Wildberries	NEW_CANDIDATE		Previously unrecorded exact source wording of a concrete seller task; no Wordstat/Search demand proof from page.	ADD_CANDIDATE_FOR_LATER_M6_VALIDATION_ONLY	TARGETED_PUBLIC_PAGE_OBSERVATION_ONLY; NOT_WORDSTAT_DEMAND; NOT_OCTOPORT_PRODUCT_FACT; NOT_FINAL_CLUSTER_OR_PAGE_DECISION; NEW_CANDIDATE_OR_POSSIBLE_VARIANT_IS_NOT_DEMAND
M4QR2CD00006	M4QR2TR0003	REG022	https://marpla.ru/blog/kak-chitat-i-analizirovat-otchety-o-prodazhakh-na-wildberries/	ARTICLE_OR_GUIDE	Основные показатели в еженедельном отчете Вайлдбериз	основные показатели в еженедельном отчете вайлдбериз	H2[6]; Как читать и анализировать отчеты о продажах на Wildberries	NEW_CANDIDATE		Previously unrecorded exact source wording of a concrete seller task; no Wordstat/Search demand proof from page.	ADD_CANDIDATE_FOR_LATER_M6_VALIDATION_ONLY	TARGETED_PUBLIC_PAGE_OBSERVATION_ONLY; NOT_WORDSTAT_DEMAND; NOT_OCTOPORT_PRODUCT_FACT; NOT_FINAL_CLUSTER_OR_PAGE_DECISION; NEW_CANDIDATE_OR_POSSIBLE_VARIANT_IS_NOT_DEMAND
M4QR2CD00007	M4QR2TR0003	REG022	https://marpla.ru/blog/kak-chitat-i-analizirovat-otchety-o-prodazhakh-na-wildberries/	ARTICLE_OR_GUIDE	Как читать отчет реализации на ВБ	как читать отчет реализации на вб	H2[7]; Как читать и анализировать отчеты о продажах на Wildberries	NEW_CANDIDATE		Previously unrecorded exact source wording of a concrete seller task; no Wordstat/Search demand proof from page.	ADD_CANDIDATE_FOR_LATER_M6_VALIDATION_ONLY	TARGETED_PUBLIC_PAGE_OBSERVATION_ONLY; NOT_WORDSTAT_DEMAND; NOT_OCTOPORT_PRODUCT_FACT; NOT_FINAL_CLUSTER_OR_PAGE_DECISION; NEW_CANDIDATE_OR_POSSIBLE_VARIANT_IS_NOT_DEMAND
M4QR2CD00008	M4QR2TR0003	REG022	https://marpla.ru/blog/kak-chitat-i-analizirovat-otchety-o-prodazhakh-na-wildberries/	ARTICLE_OR_GUIDE	Как найти информацию о штрафах на ВБ	как найти информацию о штрафах на вб	H2[8]; Как читать и анализировать отчеты о продажах на Wildberries	NEW_CANDIDATE		Previously unrecorded exact source wording of a concrete seller task; no Wordstat/Search demand proof from page.	ADD_CANDIDATE_FOR_LATER_M6_VALIDATION_ONLY	TARGETED_PUBLIC_PAGE_OBSERVATION_ONLY; NOT_WORDSTAT_DEMAND; NOT_OCTOPORT_PRODUCT_FACT; NOT_FINAL_CLUSTER_OR_PAGE_DECISION; NEW_CANDIDATE_OR_POSSIBLE_VARIANT_IS_NOT_DEMAND
M4QR2CD00009	M4QR2TR0004	REG022	https://marpla.ru/blog/kak-iskat-klyuchevyye-slova-dlya-wildberries/	ARTICLE_OR_GUIDE	Как искать ключевые слова для Вайлдберриз	как искать ключевые слова для вайлдберриз	H1; Как искать ключевые слова для Вайлдберриз	NEW_CANDIDATE		Previously unrecorded exact source wording of a concrete seller task; no Wordstat/Search demand proof from page.	ADD_CANDIDATE_FOR_LATER_M6_VALIDATION_ONLY	TARGETED_PUBLIC_PAGE_OBSERVATION_ONLY; NOT_WORDSTAT_DEMAND; NOT_OCTOPORT_PRODUCT_FACT; NOT_FINAL_CLUSTER_OR_PAGE_DECISION; NEW_CANDIDATE_OR_POSSIBLE_VARIANT_IS_NOT_DEMAND
M4QR2CD00010	M4QR2TR0004	REG022	https://marpla.ru/blog/kak-iskat-klyuchevyye-slova-dlya-wildberries/	ARTICLE_OR_GUIDE	Ключевые фразы для ВБ	ключевые фразы для вб	H2[2]; Как искать ключевые слова для Вайлдберриз	NEW_CANDIDATE		Previously unrecorded exact source wording of a concrete seller task; no Wordstat/Search demand proof from page.	ADD_CANDIDATE_FOR_LATER_M6_VALIDATION_ONLY	TARGETED_PUBLIC_PAGE_OBSERVATION_ONLY; NOT_WORDSTAT_DEMAND; NOT_OCTOPORT_PRODUCT_FACT; NOT_FINAL_CLUSTER_OR_PAGE_DECISION; NEW_CANDIDATE_OR_POSSIBLE_VARIANT_IS_NOT_DEMAND
M4QR2CD00011	M4QR2TR0005	REG022	https://marpla.ru/blog/kak-rasschitat-chistuyu-pribyl-na-wildberries/	ARTICLE_OR_GUIDE	Как рассчитать чистую прибыль на Вайлдберриз	как рассчитать чистую прибыль на вайлдберриз	H1; Как рассчитать чистую прибыль на Вайлдберриз	POSSIBLE_VARIANT		Distinct exact wording of a broad accepted seller task; possible variant only, no synonym/identity merge.	KEEP_EXISTING_VALIDATION_QUESTION_PENDING_EXACT_DEMAND_CHECK	TARGETED_PUBLIC_PAGE_OBSERVATION_ONLY; NOT_WORDSTAT_DEMAND; NOT_OCTOPORT_PRODUCT_FACT; NOT_FINAL_CLUSTER_OR_PAGE_DECISION; NEW_CANDIDATE_OR_POSSIBLE_VARIANT_IS_NOT_DEMAND
M4QR2CD00012	M4QR2TR0005	REG022	https://marpla.ru/blog/kak-rasschitat-chistuyu-pribyl-na-wildberries/	ARTICLE_OR_GUIDE	Расчет чистой прибыли и маржинальности на WB	расчет чистой прибыли и маржинальности на wb	H2[2]; Как рассчитать чистую прибыль на Вайлдберриз	NEW_CANDIDATE		Previously unrecorded exact source wording of a concrete seller task; no Wordstat/Search demand proof from page.	ADD_CANDIDATE_FOR_LATER_M6_VALIDATION_ONLY	TARGETED_PUBLIC_PAGE_OBSERVATION_ONLY; NOT_WORDSTAT_DEMAND; NOT_OCTOPORT_PRODUCT_FACT; NOT_FINAL_CLUSTER_OR_PAGE_DECISION; NEW_CANDIDATE_OR_POSSIBLE_VARIANT_IS_NOT_DEMAND
M4QR2CD00013	M4QR2TR0006	REG022	https://marpla.ru/blog/kak-sozdat-i-oformit-kartochku-tovara-na-wildberries/	ARTICLE_OR_GUIDE	Как создать и оформить карточку товара на Вайлдберриз	как создать и оформить карточку товара на вайлдберриз	H1; Как создать и оформить карточку товара на Вайлдберриз	POSSIBLE_VARIANT		Distinct exact wording of a broad accepted seller task; possible variant only, no synonym/identity merge.	KEEP_EXISTING_VALIDATION_QUESTION_PENDING_EXACT_DEMAND_CHECK	TARGETED_PUBLIC_PAGE_OBSERVATION_ONLY; NOT_WORDSTAT_DEMAND; NOT_OCTOPORT_PRODUCT_FACT; NOT_FINAL_CLUSTER_OR_PAGE_DECISION; NEW_CANDIDATE_OR_POSSIBLE_VARIANT_IS_NOT_DEMAND
M4QR2CD00014	M4QR2TR0006	REG022	https://marpla.ru/blog/kak-sozdat-i-oformit-kartochku-tovara-na-wildberries/	ARTICLE_OR_GUIDE	Проверка новой карточки	проверка новой карточки	H2[12]; Как создать и оформить карточку товара на Вайлдберриз	NEW_CANDIDATE		Previously unrecorded exact source wording of a concrete seller task; no Wordstat/Search demand proof from page.	ADD_CANDIDATE_FOR_LATER_M6_VALIDATION_ONLY	TARGETED_PUBLIC_PAGE_OBSERVATION_ONLY; NOT_WORDSTAT_DEMAND; NOT_OCTOPORT_PRODUCT_FACT; NOT_FINAL_CLUSTER_OR_PAGE_DECISION; NEW_CANDIDATE_OR_POSSIBLE_VARIANT_IS_NOT_DEMAND
M4QR2CD00015	M4QR2TR0007	REG022	https://marpla.ru/blog/raschet-drr-na-wildberries/	ARTICLE_OR_GUIDE	Как посчитать долю рекламных расходов на Вайлдберриз	как посчитать долю рекламных расходов на вайлдберриз	H1; Как посчитать долю рекламных расходов на Вайлдберриз	NEW_CANDIDATE		Previously unrecorded exact source wording of a concrete seller task; no Wordstat/Search demand proof from page.	ADD_CANDIDATE_FOR_LATER_M6_VALIDATION_ONLY	TARGETED_PUBLIC_PAGE_OBSERVATION_ONLY; NOT_WORDSTAT_DEMAND; NOT_OCTOPORT_PRODUCT_FACT; NOT_FINAL_CLUSTER_OR_PAGE_DECISION; NEW_CANDIDATE_OR_POSSIBLE_VARIANT_IS_NOT_DEMAND
M4QR2CD00016	M4QR2TR0007	REG022	https://marpla.ru/blog/raschet-drr-na-wildberries/	ARTICLE_OR_GUIDE	Как правильно рассчитать ДРР на Wildberries?	как правильно рассчитать дрр на wildberries?	H2[5]; Как посчитать долю рекламных расходов на Вайлдберриз	NEW_CANDIDATE		Previously unrecorded exact source wording of a concrete seller task; no Wordstat/Search demand proof from page.	ADD_CANDIDATE_FOR_LATER_M6_VALIDATION_ONLY	TARGETED_PUBLIC_PAGE_OBSERVATION_ONLY; NOT_WORDSTAT_DEMAND; NOT_OCTOPORT_PRODUCT_FACT; NOT_FINAL_CLUSTER_OR_PAGE_DECISION; NEW_CANDIDATE_OR_POSSIBLE_VARIANT_IS_NOT_DEMAND
M4QR2CD00017	M4QR2TR0008	REG022	https://marpla.ru/blog/trebovaniya-k-kartochkam-tovara-wildberries-pravila-zapolneniya/	ARTICLE_OR_GUIDE	Требования к карточкам товара Wildberries — правила заполнения	требования к карточкам товара wildberries — правила заполнения	H1; Требования к карточкам товара Wildberries — правила заполнения	NEW_CANDIDATE		Previously unrecorded exact source wording of a concrete seller task; no Wordstat/Search demand proof from page.	ADD_CANDIDATE_FOR_LATER_M6_VALIDATION_ONLY	TARGETED_PUBLIC_PAGE_OBSERVATION_ONLY; NOT_WORDSTAT_DEMAND; NOT_OCTOPORT_PRODUCT_FACT; NOT_FINAL_CLUSTER_OR_PAGE_DECISION; NEW_CANDIDATE_OR_POSSIBLE_VARIANT_IS_NOT_DEMAND
M4QR2CD00018	M4QR2TR0008	REG022	https://marpla.ru/blog/trebovaniya-k-kartochkam-tovara-wildberries-pravila-zapolneniya/	ARTICLE_OR_GUIDE	Требования к заполнению карточки	требования к заполнению карточки	H2[2]; Требования к карточкам товара Wildberries — правила заполнения	NEW_CANDIDATE		Previously unrecorded exact source wording of a concrete seller task; no Wordstat/Search demand proof from page.	ADD_CANDIDATE_FOR_LATER_M6_VALIDATION_ONLY	TARGETED_PUBLIC_PAGE_OBSERVATION_ONLY; NOT_WORDSTAT_DEMAND; NOT_OCTOPORT_PRODUCT_FACT; NOT_FINAL_CLUSTER_OR_PAGE_DECISION; NEW_CANDIDATE_OR_POSSIBLE_VARIANT_IS_NOT_DEMAND
M4QR2CD00019	M4QR2TR0009	REG024	https://support.moysklad.ru/hc/ru/%D0%BE%D0%BD%D0%BB%D0%B0%D0%B8%D0%BD%20%D1%82%D0%BE%D1%80%D0%B3%D0%BE%D0%B2%D0%BB%D1%8F/%D0%BC%D0%B0%D1%80%D0%BA%D0%B5%D1%82%D0%BF%D0%BB%D0%B5%D0%B8%D1%81%D1%8B/%D0%BE%D1%82%D1%87%D0%B5%D1%82_%D1%82%D0%BE%D0%B2%D0%B0%D1%80%D1%8B_%D0%BD%D0%B0_%D1%80%D0%B5%D0%B0%D0%BB%D0%B8%D0%B7%D0%B0%D1%86%D0%B8%D0%B8	HELP_DOCUMENTATION	Отчет Товары на реализации	отчет товары на реализации	H1; Отчет Товары на реализации	POSSIBLE_VARIANT		Distinct exact wording of a broad accepted seller task; possible variant only, no synonym/identity merge.	KEEP_EXISTING_VALIDATION_QUESTION_PENDING_EXACT_DEMAND_CHECK	TARGETED_PUBLIC_PAGE_OBSERVATION_ONLY; NOT_WORDSTAT_DEMAND; NOT_OCTOPORT_PRODUCT_FACT; NOT_FINAL_CLUSTER_OR_PAGE_DECISION; NEW_CANDIDATE_OR_POSSIBLE_VARIANT_IS_NOT_DEMAND
M4QR2CD00020	M4QR2TR0010	REG024	https://support.moysklad.ru/hc/ru/%D0%BE%D0%BD%D0%BB%D0%B0%D0%B8%D0%BD%20%D1%82%D0%BE%D1%80%D0%B3%D0%BE%D0%B2%D0%BB%D1%8F/%D0%BC%D0%B0%D1%80%D0%BA%D0%B5%D1%82%D0%BF%D0%BB%D0%B5%D0%B8%D1%81%D1%8B/%D0%BF%D0%BE%D0%BB%D1%83%D1%87%D0%B5%D0%BD%D0%BD%D1%8B%D0%B8_%D0%BE%D1%82%D1%87%D0%B5%D1%82_%D0%BA%D0%BE%D0%BC%D0%B8%D1%81%D1%81%D0%B8%D0%BE%D0%BD%D0%B5%D1%80%D0%B0_%D0%B8%D0%B7_ozon	HELP_DOCUMENTATION	Полученный отчет комиссионера из Ozon	полученный отчет комиссионера из ozon	H1; Полученный отчет комиссионера из Ozon	POSSIBLE_VARIANT		Distinct exact wording of a broad accepted seller task; possible variant only, no synonym/identity merge.	KEEP_EXISTING_VALIDATION_QUESTION_PENDING_EXACT_DEMAND_CHECK	TARGETED_PUBLIC_PAGE_OBSERVATION_ONLY; NOT_WORDSTAT_DEMAND; NOT_OCTOPORT_PRODUCT_FACT; NOT_FINAL_CLUSTER_OR_PAGE_DECISION; NEW_CANDIDATE_OR_POSSIBLE_VARIANT_IS_NOT_DEMAND
M4QR2CD00021	M4QR2TR0011	REG024	https://support.moysklad.ru/hc/ru/%D0%BE%D0%BD%D0%BB%D0%B0%D0%B8%D0%BD%20%D1%82%D0%BE%D1%80%D0%B3%D0%BE%D0%B2%D0%BB%D1%8F/%D0%BC%D0%B0%D1%80%D0%BA%D0%B5%D1%82%D0%BF%D0%BB%D0%B5%D0%B8%D1%81%D1%8B/%D1%80%D0%B0%D0%B1%D0%BE%D1%82%D0%B0_c_%D0%BC%D0%B0%D1%80%D0%BA%D0%B5%D1%82%D0%BF%D0%BB%D0%B5%D0%B8%D1%81%D0%BE%D0%BC_%D0%BE%D1%82%D1%87%D0%B5%D1%82%D1%8B_%D0%B8_%D0%B0%D0%BD%D0%B0%D0%BB%D0%B8%D1%82%D0%B8%D0%BA%D0%B0	HELP_DOCUMENTATION	Работа c маркетплейсом: отчеты и аналитика	работа c маркетплейсом: отчеты и аналитика	H1; Работа c маркетплейсом: отчеты и аналитика	POSSIBLE_VARIANT		Distinct exact wording of a broad accepted seller task; possible variant only, no synonym/identity merge.	KEEP_EXISTING_VALIDATION_QUESTION_PENDING_EXACT_DEMAND_CHECK	TARGETED_PUBLIC_PAGE_OBSERVATION_ONLY; NOT_WORDSTAT_DEMAND; NOT_OCTOPORT_PRODUCT_FACT; NOT_FINAL_CLUSTER_OR_PAGE_DECISION; NEW_CANDIDATE_OR_POSSIBLE_VARIANT_IS_NOT_DEMAND
M4QR2CD00022	M4QR2TR0012	REG024	https://www.moysklad.ru/poleznoe/marketplejsy/analitika-marketpleysov/	ARTICLE_OR_GUIDE	Аналитика маркетплейсов: 25 сервисов для внешнего и внутреннего анализа	аналитика маркетплейсов: 25 сервисов для внешнего и внутреннего анализа	H1; Аналитика маркетплейсов: 25 сервисов для внешнего и внутреннего анализа	POSSIBLE_VARIANT		Distinct exact wording of a broad accepted seller task; possible variant only, no synonym/identity merge.	KEEP_EXISTING_VALIDATION_QUESTION_PENDING_EXACT_DEMAND_CHECK	TARGETED_PUBLIC_PAGE_OBSERVATION_ONLY; NOT_WORDSTAT_DEMAND; NOT_OCTOPORT_PRODUCT_FACT; NOT_FINAL_CLUSTER_OR_PAGE_DECISION; NEW_CANDIDATE_OR_POSSIBLE_VARIANT_IS_NOT_DEMAND
M4QR2CD00023	M4QR2TR0012	REG024	https://www.moysklad.ru/poleznoe/marketplejsy/analitika-marketpleysov/	ARTICLE_OR_GUIDE	Внутренняя аналитика	внутренняя аналитика	H2[6]; Аналитика маркетплейсов: 25 сервисов для внешнего и внутреннего анализа	ALREADY_PRESENT	M4CCAND000686	Exact-safe raw wording already occurs in accepted M4C (1 source occurrences; same entity=0); no new demand claim.	KEEP_EXISTING_M4C_M6_ROUTE	TARGETED_PUBLIC_PAGE_OBSERVATION_ONLY; NOT_WORDSTAT_DEMAND; NOT_OCTOPORT_PRODUCT_FACT; NOT_FINAL_CLUSTER_OR_PAGE_DECISION; NEW_CANDIDATE_OR_POSSIBLE_VARIANT_IS_NOT_DEMAND
M4QR2CD00024	M4QR2TR0013	REG024	https://www.moysklad.ru/poleznoe/marketplejsy/kak-analitika-uluchshaet-prodazhi-na-marketpleysakh/	ARTICLE_OR_GUIDE	Как аналитика улучшает продажи на маркетплейсах	как аналитика улучшает продажи на маркетплейсах	H1; Как аналитика улучшает продажи на маркетплейсах	ALREADY_PRESENT	M4CCAND003670	Exact-safe raw wording already occurs in accepted M4C (1 source occurrences; same entity=1); no new demand claim.	KEEP_EXISTING_M4C_M6_ROUTE	TARGETED_PUBLIC_PAGE_OBSERVATION_ONLY; NOT_WORDSTAT_DEMAND; NOT_OCTOPORT_PRODUCT_FACT; NOT_FINAL_CLUSTER_OR_PAGE_DECISION; NEW_CANDIDATE_OR_POSSIBLE_VARIANT_IS_NOT_DEMAND
M4QR2CD00025	M4QR2TR0013	REG024	https://www.moysklad.ru/poleznoe/marketplejsy/kak-analitika-uluchshaet-prodazhi-na-marketpleysakh/	ARTICLE_OR_GUIDE	Как контролировать остатки и товары на реализации	как контролировать остатки и товары на реализации	H2[4]; Как аналитика улучшает продажи на маркетплейсах	NEW_CANDIDATE		Previously unrecorded exact source wording of a concrete seller task; no Wordstat/Search demand proof from page.	ADD_CANDIDATE_FOR_LATER_M6_VALIDATION_ONLY	TARGETED_PUBLIC_PAGE_OBSERVATION_ONLY; NOT_WORDSTAT_DEMAND; NOT_OCTOPORT_PRODUCT_FACT; NOT_FINAL_CLUSTER_OR_PAGE_DECISION; NEW_CANDIDATE_OR_POSSIBLE_VARIANT_IS_NOT_DEMAND
M4QR2CD00026	M4QR2TR0013	REG024	https://www.moysklad.ru/poleznoe/marketplejsy/kak-analitika-uluchshaet-prodazhi-na-marketpleysakh/	ARTICLE_OR_GUIDE	Как считать прибыль и убытки на маркетплейсах	как считать прибыль и убытки на маркетплейсах	H2[9]; Как аналитика улучшает продажи на маркетплейсах	NEW_CANDIDATE		Previously unrecorded exact source wording of a concrete seller task; no Wordstat/Search demand proof from page.	ADD_CANDIDATE_FOR_LATER_M6_VALIDATION_ONLY	TARGETED_PUBLIC_PAGE_OBSERVATION_ONLY; NOT_WORDSTAT_DEMAND; NOT_OCTOPORT_PRODUCT_FACT; NOT_FINAL_CLUSTER_OR_PAGE_DECISION; NEW_CANDIDATE_OR_POSSIBLE_VARIANT_IS_NOT_DEMAND
M4QR2CD00027	M4QR2TR0013	REG024	https://www.moysklad.ru/poleznoe/marketplejsy/kak-analitika-uluchshaet-prodazhi-na-marketpleysakh/	ARTICLE_OR_GUIDE	Как сервис аналитики маркетплейсов помогает бизнесу	как сервис аналитики маркетплейсов помогает бизнесу	H2[10]; Как аналитика улучшает продажи на маркетплейсах	AMBIGUOUS		Mixed autonomous/AI/market intelligence claim or under-specified heading; no product/demand inference.	HOLD_FOR_M6_TASK_AND_CAPABILITY_REVIEW	TARGETED_PUBLIC_PAGE_OBSERVATION_ONLY; NOT_WORDSTAT_DEMAND; NOT_OCTOPORT_PRODUCT_FACT; NOT_FINAL_CLUSTER_OR_PAGE_DECISION; NEW_CANDIDATE_OR_POSSIBLE_VARIANT_IS_NOT_DEMAND
M4QR2CD00028	M4QR2TR0014	REG024	https://www.moysklad.ru/poleznoe/marketplejsy/kak-nachat-prodavat-na-wildberries/	ARTICLE_OR_GUIDE	Как начать продавать на Wildberries: пошаговая инструкция с нуля	как начать продавать на wildberries: пошаговая инструкция с нуля	H1; Как начать продавать на Wildberries: пошаговая инструкция с нуля	POSSIBLE_VARIANT		Distinct exact wording of a broad accepted seller task; possible variant only, no synonym/identity merge.	KEEP_EXISTING_VALIDATION_QUESTION_PENDING_EXACT_DEMAND_CHECK	TARGETED_PUBLIC_PAGE_OBSERVATION_ONLY; NOT_WORDSTAT_DEMAND; NOT_OCTOPORT_PRODUCT_FACT; NOT_FINAL_CLUSTER_OR_PAGE_DECISION; NEW_CANDIDATE_OR_POSSIBLE_VARIANT_IS_NOT_DEMAND
M4QR2CD00029	M4QR2TR0014	REG024	https://www.moysklad.ru/poleznoe/marketplejsy/kak-nachat-prodavat-na-wildberries/	ARTICLE_OR_GUIDE	Как нанести код маркировки на товар	как нанести код маркировки на товар	H4[9]; Как начать продавать на Wildberries: пошаговая инструкция с нуля	OUT_OF_SCOPE		Explicit 1C/accounting, external intelligence, onboarding/mutation, or another task outside launch product scope; preserve as page evidence.	NO_M6_PROMOTION_UNSUPPORTED_OR_DIFFERENT_TASK	TARGETED_PUBLIC_PAGE_OBSERVATION_ONLY; NOT_WORDSTAT_DEMAND; NOT_OCTOPORT_PRODUCT_FACT; NOT_FINAL_CLUSTER_OR_PAGE_DECISION; NEW_CANDIDATE_OR_POSSIBLE_VARIANT_IS_NOT_DEMAND
M4QR2CD00030	M4QR2TR0014	REG024	https://www.moysklad.ru/poleznoe/marketplejsy/kak-nachat-prodavat-na-wildberries/	ARTICLE_OR_GUIDE	Как подготовить маркированные товары к поставке	как подготовить маркированные товары к поставке	H4[10]; Как начать продавать на Wildberries: пошаговая инструкция с нуля	NEW_CANDIDATE		Previously unrecorded exact source wording of a concrete seller task; no Wordstat/Search demand proof from page.	ADD_CANDIDATE_FOR_LATER_M6_VALIDATION_ONLY	TARGETED_PUBLIC_PAGE_OBSERVATION_ONLY; NOT_WORDSTAT_DEMAND; NOT_OCTOPORT_PRODUCT_FACT; NOT_FINAL_CLUSTER_OR_PAGE_DECISION; NEW_CANDIDATE_OR_POSSIBLE_VARIANT_IS_NOT_DEMAND
M4QR2CD00031	M4QR2TR0014	REG024	https://www.moysklad.ru/poleznoe/marketplejsy/kak-nachat-prodavat-na-wildberries/	ARTICLE_OR_GUIDE	Как зарегистрироваться и стать продавцом на Wildberries: пошаговая инструкция	как зарегистрироваться и стать продавцом на wildberries: пошаговая инструкция	H2[17]; Как начать продавать на Wildberries: пошаговая инструкция с нуля	OUT_OF_SCOPE		Explicit 1C/accounting, external intelligence, onboarding/mutation, or another task outside launch product scope; preserve as page evidence.	NO_M6_PROMOTION_UNSUPPORTED_OR_DIFFERENT_TASK	TARGETED_PUBLIC_PAGE_OBSERVATION_ONLY; NOT_WORDSTAT_DEMAND; NOT_OCTOPORT_PRODUCT_FACT; NOT_FINAL_CLUSTER_OR_PAGE_DECISION; NEW_CANDIDATE_OR_POSSIBLE_VARIANT_IS_NOT_DEMAND
M4QR2CD00032	M4QR2TR0014	REG024	https://www.moysklad.ru/poleznoe/marketplejsy/kak-nachat-prodavat-na-wildberries/	ARTICLE_OR_GUIDE	Расчет юнит-экономики до первой закупки	расчет юнит-экономики до первой закупки	H3[38]; Как начать продавать на Wildberries: пошаговая инструкция с нуля	NEW_CANDIDATE		Previously unrecorded exact source wording of a concrete seller task; no Wordstat/Search demand proof from page.	ADD_CANDIDATE_FOR_LATER_M6_VALIDATION_ONLY	TARGETED_PUBLIC_PAGE_OBSERVATION_ONLY; NOT_WORDSTAT_DEMAND; NOT_OCTOPORT_PRODUCT_FACT; NOT_FINAL_CLUSTER_OR_PAGE_DECISION; NEW_CANDIDATE_OR_POSSIBLE_VARIANT_IS_NOT_DEMAND
M4QR2CD00033	M4QR2TR0014	REG024	https://www.moysklad.ru/poleznoe/marketplejsy/kak-nachat-prodavat-na-wildberries/	ARTICLE_OR_GUIDE	Как вывести карточки в ТОП выдачи маркетплейса	как вывести карточки в топ выдачи маркетплейса	H3[41]; Как начать продавать на Wildberries: пошаговая инструкция с нуля	NEW_CANDIDATE		Previously unrecorded exact source wording of a concrete seller task; no Wordstat/Search demand proof from page.	ADD_CANDIDATE_FOR_LATER_M6_VALIDATION_ONLY	TARGETED_PUBLIC_PAGE_OBSERVATION_ONLY; NOT_WORDSTAT_DEMAND; NOT_OCTOPORT_PRODUCT_FACT; NOT_FINAL_CLUSTER_OR_PAGE_DECISION; NEW_CANDIDATE_OR_POSSIBLE_VARIANT_IS_NOT_DEMAND
M4QR2CD00034	M4QR2TR0014	REG024	https://www.moysklad.ru/poleznoe/marketplejsy/kak-nachat-prodavat-na-wildberries/	ARTICLE_OR_GUIDE	Как еще продвигать товар на Wildberries	как еще продвигать товар на wildberries	H3[42]; Как начать продавать на Wildberries: пошаговая инструкция с нуля	NEW_CANDIDATE		Previously unrecorded exact source wording of a concrete seller task; no Wordstat/Search demand proof from page.	ADD_CANDIDATE_FOR_LATER_M6_VALIDATION_ONLY	TARGETED_PUBLIC_PAGE_OBSERVATION_ONLY; NOT_WORDSTAT_DEMAND; NOT_OCTOPORT_PRODUCT_FACT; NOT_FINAL_CLUSTER_OR_PAGE_DECISION; NEW_CANDIDATE_OR_POSSIBLE_VARIANT_IS_NOT_DEMAND
M4QR2CD00035	M4QR2TR0014	REG024	https://www.moysklad.ru/poleznoe/marketplejsy/kak-nachat-prodavat-na-wildberries/	ARTICLE_OR_GUIDE	Как связаться с техподдержкой ВБ?	как связаться с техподдержкой вб?	H3[59]; Как начать продавать на Wildberries: пошаговая инструкция с нуля	NEW_CANDIDATE		Previously unrecorded exact source wording of a concrete seller task; no Wordstat/Search demand proof from page.	ADD_CANDIDATE_FOR_LATER_M6_VALIDATION_ONLY	TARGETED_PUBLIC_PAGE_OBSERVATION_ONLY; NOT_WORDSTAT_DEMAND; NOT_OCTOPORT_PRODUCT_FACT; NOT_FINAL_CLUSTER_OR_PAGE_DECISION; NEW_CANDIDATE_OR_POSSIBLE_VARIANT_IS_NOT_DEMAND
M4QR2CD00036	M4QR2TR0014	REG024	https://www.moysklad.ru/poleznoe/marketplejsy/kak-nachat-prodavat-na-wildberries/	ARTICLE_OR_GUIDE	Как Wildberries поощряет участие в акциях?	как wildberries поощряет участие в акциях?	H3[61]; Как начать продавать на Wildberries: пошаговая инструкция с нуля	NEW_CANDIDATE		Previously unrecorded exact source wording of a concrete seller task; no Wordstat/Search demand proof from page.	ADD_CANDIDATE_FOR_LATER_M6_VALIDATION_ONLY	TARGETED_PUBLIC_PAGE_OBSERVATION_ONLY; NOT_WORDSTAT_DEMAND; NOT_OCTOPORT_PRODUCT_FACT; NOT_FINAL_CLUSTER_OR_PAGE_DECISION; NEW_CANDIDATE_OR_POSSIBLE_VARIANT_IS_NOT_DEMAND
M4QR2CD00037	M4QR2TR0014	REG024	https://www.moysklad.ru/poleznoe/marketplejsy/kak-nachat-prodavat-na-wildberries/	ARTICLE_OR_GUIDE	Как торговать в плюс на Вайлдберриз?	как торговать в плюс на вайлдберриз?	H3[70]; Как начать продавать на Wildberries: пошаговая инструкция с нуля	NEW_CANDIDATE		Previously unrecorded exact source wording of a concrete seller task; no Wordstat/Search demand proof from page.	ADD_CANDIDATE_FOR_LATER_M6_VALIDATION_ONLY	TARGETED_PUBLIC_PAGE_OBSERVATION_ONLY; NOT_WORDSTAT_DEMAND; NOT_OCTOPORT_PRODUCT_FACT; NOT_FINAL_CLUSTER_OR_PAGE_DECISION; NEW_CANDIDATE_OR_POSSIBLE_VARIANT_IS_NOT_DEMAND
M4QR2CD00038	M4QR2TR0014	REG024	https://www.moysklad.ru/poleznoe/marketplejsy/kak-nachat-prodavat-na-wildberries/	ARTICLE_OR_GUIDE	Как правильно заполнить артикул и для чего он нужен?	как правильно заполнить артикул и для чего он нужен?	H3[74]; Как начать продавать на Wildberries: пошаговая инструкция с нуля	NEW_CANDIDATE		Previously unrecorded exact source wording of a concrete seller task; no Wordstat/Search demand proof from page.	ADD_CANDIDATE_FOR_LATER_M6_VALIDATION_ONLY	TARGETED_PUBLIC_PAGE_OBSERVATION_ONLY; NOT_WORDSTAT_DEMAND; NOT_OCTOPORT_PRODUCT_FACT; NOT_FINAL_CLUSTER_OR_PAGE_DECISION; NEW_CANDIDATE_OR_POSSIBLE_VARIANT_IS_NOT_DEMAND
M4QR2CD00039	M4QR2TR0015	REG024	https://www.moysklad.ru/poleznoe/marketplejsy/kak-schitat-yunit-ekonomiku-dlya-marketpleysov/	ARTICLE_OR_GUIDE	Как считать юнит-экономику для маркетплейсов	как считать юнит-экономику для маркетплейсов	H1; Как считать юнит-экономику для маркетплейсов	ALREADY_PRESENT	M4CCAND003677	Exact-safe raw wording already occurs in accepted M4C (1 source occurrences; same entity=1); no new demand claim.	KEEP_EXISTING_M4C_M6_ROUTE	TARGETED_PUBLIC_PAGE_OBSERVATION_ONLY; NOT_WORDSTAT_DEMAND; NOT_OCTOPORT_PRODUCT_FACT; NOT_FINAL_CLUSTER_OR_PAGE_DECISION; NEW_CANDIDATE_OR_POSSIBLE_VARIANT_IS_NOT_DEMAND
M4QR2CD00040	M4QR2TR0015	REG024	https://www.moysklad.ru/poleznoe/marketplejsy/kak-schitat-yunit-ekonomiku-dlya-marketpleysov/	ARTICLE_OR_GUIDE	Получайте актуальные данные о продажах и товарах в МоемСкладе	получайте актуальные данные о продажах и товарах в моемскладе	H3[5]; Как считать юнит-экономику для маркетплейсов	ALREADY_PRESENT	M4CCAND000570	Exact-safe raw wording already occurs in accepted M4C (1 source occurrences; same entity=1); no new demand claim.	KEEP_EXISTING_M4C_M6_ROUTE	TARGETED_PUBLIC_PAGE_OBSERVATION_ONLY; NOT_WORDSTAT_DEMAND; NOT_OCTOPORT_PRODUCT_FACT; NOT_FINAL_CLUSTER_OR_PAGE_DECISION; NEW_CANDIDATE_OR_POSSIBLE_VARIANT_IS_NOT_DEMAND
M4QR2CD00041	M4QR2TR0015	REG024	https://www.moysklad.ru/poleznoe/marketplejsy/kak-schitat-yunit-ekonomiku-dlya-marketpleysov/	ARTICLE_OR_GUIDE	Как считать юнит‑экономику на Wildberries и Ozon: пошаговая инструкция	как считать юнит‑экономику на wildberries и ozon: пошаговая инструкция	H2[6]; Как считать юнит-экономику для маркетплейсов	NEW_CANDIDATE		Previously unrecorded exact source wording of a concrete seller task; no Wordstat/Search demand proof from page.	ADD_CANDIDATE_FOR_LATER_M6_VALIDATION_ONLY	TARGETED_PUBLIC_PAGE_OBSERVATION_ONLY; NOT_WORDSTAT_DEMAND; NOT_OCTOPORT_PRODUCT_FACT; NOT_FINAL_CLUSTER_OR_PAGE_DECISION; NEW_CANDIDATE_OR_POSSIBLE_VARIANT_IS_NOT_DEMAND
M4QR2CD00042	M4QR2TR0016	REG024	https://www.moysklad.ru/poleznoe/marketplejsy/kartochka-tovara-na-wildberries/	ARTICLE_OR_GUIDE	Как заполнять карточки товаров на Wildberries, чтобы получать продажи: подробная инструкция с примерами	как заполнять карточки товаров на wildberries, чтобы получать продажи: подробная инструкция с примерами	H1; Как заполнять карточки товаров на Wildberries, чтобы получать продажи: подробная инструкция с примерами	NEW_CANDIDATE		Previously unrecorded exact source wording of a concrete seller task; no Wordstat/Search demand proof from page.	ADD_CANDIDATE_FOR_LATER_M6_VALIDATION_ONLY	TARGETED_PUBLIC_PAGE_OBSERVATION_ONLY; NOT_WORDSTAT_DEMAND; NOT_OCTOPORT_PRODUCT_FACT; NOT_FINAL_CLUSTER_OR_PAGE_DECISION; NEW_CANDIDATE_OR_POSSIBLE_VARIANT_IS_NOT_DEMAND
M4QR2CD00043	M4QR2TR0016	REG024	https://www.moysklad.ru/poleznoe/marketplejsy/kartochka-tovara-na-wildberries/	ARTICLE_OR_GUIDE	Как работает поиск на Wildberries и как люди ищут товары	как работает поиск на wildberries и как люди ищут товары	H2[1]; Как заполнять карточки товаров на Wildberries, чтобы получать продажи: подробная инструкция с примерами	NEW_CANDIDATE		Previously unrecorded exact source wording of a concrete seller task; no Wordstat/Search demand proof from page.	ADD_CANDIDATE_FOR_LATER_M6_VALIDATION_ONLY	TARGETED_PUBLIC_PAGE_OBSERVATION_ONLY; NOT_WORDSTAT_DEMAND; NOT_OCTOPORT_PRODUCT_FACT; NOT_FINAL_CLUSTER_OR_PAGE_DECISION; NEW_CANDIDATE_OR_POSSIBLE_VARIANT_IS_NOT_DEMAND
M4QR2CD00044	M4QR2TR0016	REG024	https://www.moysklad.ru/poleznoe/marketplejsy/kartochka-tovara-na-wildberries/	ARTICLE_OR_GUIDE	Как создать карточку товара на Wildberries: пошаговая инструкция	как создать карточку товара на wildberries: пошаговая инструкция	H2[4]; Как заполнять карточки товаров на Wildberries, чтобы получать продажи: подробная инструкция с примерами	NEW_CANDIDATE		Previously unrecorded exact source wording of a concrete seller task; no Wordstat/Search demand proof from page.	ADD_CANDIDATE_FOR_LATER_M6_VALIDATION_ONLY	TARGETED_PUBLIC_PAGE_OBSERVATION_ONLY; NOT_WORDSTAT_DEMAND; NOT_OCTOPORT_PRODUCT_FACT; NOT_FINAL_CLUSTER_OR_PAGE_DECISION; NEW_CANDIDATE_OR_POSSIBLE_VARIANT_IS_NOT_DEMAND
M4QR2CD00045	M4QR2TR0016	REG024	https://www.moysklad.ru/poleznoe/marketplejsy/kartochka-tovara-na-wildberries/	ARTICLE_OR_GUIDE	Как и зачем объединять карточки	как и зачем объединять карточки	H2[36]; Как заполнять карточки товаров на Wildberries, чтобы получать продажи: подробная инструкция с примерами	NEW_CANDIDATE		Previously unrecorded exact source wording of a concrete seller task; no Wordstat/Search demand proof from page.	ADD_CANDIDATE_FOR_LATER_M6_VALIDATION_ONLY	TARGETED_PUBLIC_PAGE_OBSERVATION_ONLY; NOT_WORDSTAT_DEMAND; NOT_OCTOPORT_PRODUCT_FACT; NOT_FINAL_CLUSTER_OR_PAGE_DECISION; NEW_CANDIDATE_OR_POSSIBLE_VARIANT_IS_NOT_DEMAND
M4QR2CD00046	M4QR2TR0016	REG024	https://www.moysklad.ru/poleznoe/marketplejsy/kartochka-tovara-na-wildberries/	ARTICLE_OR_GUIDE	Как удалить карточку	как удалить карточку	H2[39]; Как заполнять карточки товаров на Wildberries, чтобы получать продажи: подробная инструкция с примерами	OUT_OF_SCOPE		Explicit 1C/accounting, external intelligence, onboarding/mutation, or another task outside launch product scope; preserve as page evidence.	NO_M6_PROMOTION_UNSUPPORTED_OR_DIFFERENT_TASK	TARGETED_PUBLIC_PAGE_OBSERVATION_ONLY; NOT_WORDSTAT_DEMAND; NOT_OCTOPORT_PRODUCT_FACT; NOT_FINAL_CLUSTER_OR_PAGE_DECISION; NEW_CANDIDATE_OR_POSSIBLE_VARIANT_IS_NOT_DEMAND
M4QR2CD00047	M4QR2TR0017	REG024	https://www.moysklad.ru/poleznoe/marketplejsy/samye-prodavaemye-tovary-na-wildberries/	ARTICLE_OR_GUIDE	Самые продаваемые товары на Wildberries в 2026: выбор ниши и товара	самые продаваемые товары на wildberries в 2026: выбор ниши и товара	H1; Самые продаваемые товары на Wildberries в 2026: выбор ниши и товара	OUT_OF_SCOPE		Explicit 1C/accounting, external intelligence, onboarding/mutation, or another task outside launch product scope; preserve as page evidence.	NO_M6_PROMOTION_UNSUPPORTED_OR_DIFFERENT_TASK	TARGETED_PUBLIC_PAGE_OBSERVATION_ONLY; NOT_WORDSTAT_DEMAND; NOT_OCTOPORT_PRODUCT_FACT; NOT_FINAL_CLUSTER_OR_PAGE_DECISION; NEW_CANDIDATE_OR_POSSIBLE_VARIANT_IS_NOT_DEMAND
M4QR2CD00048	M4QR2TR0017	REG024	https://www.moysklad.ru/poleznoe/marketplejsy/samye-prodavaemye-tovary-na-wildberries/	ARTICLE_OR_GUIDE	Как новичку выбрать подходящий товар	как новичку выбрать подходящий товар	H2[41]; Самые продаваемые товары на Wildberries в 2026: выбор ниши и товара	NEW_CANDIDATE		Previously unrecorded exact source wording of a concrete seller task; no Wordstat/Search demand proof from page.	ADD_CANDIDATE_FOR_LATER_M6_VALIDATION_ONLY	TARGETED_PUBLIC_PAGE_OBSERVATION_ONLY; NOT_WORDSTAT_DEMAND; NOT_OCTOPORT_PRODUCT_FACT; NOT_FINAL_CLUSTER_OR_PAGE_DECISION; NEW_CANDIDATE_OR_POSSIBLE_VARIANT_IS_NOT_DEMAND
M4QR2CD00049	M4QR2TR0017	REG024	https://www.moysklad.ru/poleznoe/marketplejsy/samye-prodavaemye-tovary-na-wildberries/	ARTICLE_OR_GUIDE	Как автоматизировать продажи на Wildberries	как автоматизировать продажи на wildberries	H2[50]; Самые продаваемые товары на Wildberries в 2026: выбор ниши и товара	OUT_OF_SCOPE		Explicit 1C/accounting, external intelligence, onboarding/mutation, or another task outside launch product scope; preserve as page evidence.	NO_M6_PROMOTION_UNSUPPORTED_OR_DIFFERENT_TASK	TARGETED_PUBLIC_PAGE_OBSERVATION_ONLY; NOT_WORDSTAT_DEMAND; NOT_OCTOPORT_PRODUCT_FACT; NOT_FINAL_CLUSTER_OR_PAGE_DECISION; NEW_CANDIDATE_OR_POSSIBLE_VARIANT_IS_NOT_DEMAND
M4QR2CD00050	M4QR2TR0018	REG025	https://mpboost.pro/analytics/	PUBLIC_PRODUCT_OR_SERVICE_LANDING	Аналитика и продвижение на Wildberries и Ozon	аналитика и продвижение на wildberries и ozon	H1; Аналитика и продвижение на Wildberries и Ozon	POSSIBLE_VARIANT		Distinct exact wording of a broad accepted seller task; possible variant only, no synonym/identity merge.	KEEP_EXISTING_VALIDATION_QUESTION_PENDING_EXACT_DEMAND_CHECK	TARGETED_PUBLIC_PAGE_OBSERVATION_ONLY; NOT_WORDSTAT_DEMAND; NOT_OCTOPORT_PRODUCT_FACT; NOT_FINAL_CLUSTER_OR_PAGE_DECISION; NEW_CANDIDATE_OR_POSSIBLE_VARIANT_IS_NOT_DEMAND
M4QR2CD00051	M4QR2TR0019	REG026	https://mpfact.ru/tpost/kak-poschitat-pribyl	ARTICLE_OR_GUIDE	Как посчитать чистую прибыль на Wildberries и Ozon по каждому товару — MPfact	как посчитать чистую прибыль на wildberries и ozon по каждому товару — mpfact	H1; Как посчитать чистую прибыль на Wildberries и Ozon по каждому товару — MPfact	POSSIBLE_VARIANT		Distinct exact wording of a broad accepted seller task; possible variant only, no synonym/identity merge.	KEEP_EXISTING_VALIDATION_QUESTION_PENDING_EXACT_DEMAND_CHECK	TARGETED_PUBLIC_PAGE_OBSERVATION_ONLY; NOT_WORDSTAT_DEMAND; NOT_OCTOPORT_PRODUCT_FACT; NOT_FINAL_CLUSTER_OR_PAGE_DECISION; NEW_CANDIDATE_OR_POSSIBLE_VARIANT_IS_NOT_DEMAND
M4QR2CD00052	M4QR2TR0019	REG026	https://mpfact.ru/tpost/kak-poschitat-pribyl	ARTICLE_OR_GUIDE	Как правильно считать чистую прибыль на Wildberries и Ozon по каждому артикулу	как правильно считать чистую прибыль на wildberries и ozon по каждому артикулу	H2[1]; Как посчитать чистую прибыль на Wildberries и Ozon по каждому товару — MPfact	NEW_CANDIDATE		Previously unrecorded exact source wording of a concrete seller task; no Wordstat/Search demand proof from page.	ADD_CANDIDATE_FOR_LATER_M6_VALIDATION_ONLY	TARGETED_PUBLIC_PAGE_OBSERVATION_ONLY; NOT_WORDSTAT_DEMAND; NOT_OCTOPORT_PRODUCT_FACT; NOT_FINAL_CLUSTER_OR_PAGE_DECISION; NEW_CANDIDATE_OR_POSSIBLE_VARIANT_IS_NOT_DEMAND
M4QR2CD00053	M4QR2TR0019	REG026	https://mpfact.ru/tpost/kak-poschitat-pribyl	ARTICLE_OR_GUIDE	Как читать финансовый отчёт Wildberries и Ozon	как читать финансовый отчёт wildberries и ozon	H3[4]; Как посчитать чистую прибыль на Wildberries и Ozon по каждому товару — MPfact	NEW_CANDIDATE		Previously unrecorded exact source wording of a concrete seller task; no Wordstat/Search demand proof from page.	ADD_CANDIDATE_FOR_LATER_M6_VALIDATION_ONLY	TARGETED_PUBLIC_PAGE_OBSERVATION_ONLY; NOT_WORDSTAT_DEMAND; NOT_OCTOPORT_PRODUCT_FACT; NOT_FINAL_CLUSTER_OR_PAGE_DECISION; NEW_CANDIDATE_OR_POSSIBLE_VARIANT_IS_NOT_DEMAND
M4QR2CD00054	M4QR2TR0019	REG026	https://mpfact.ru/tpost/kak-poschitat-pribyl	ARTICLE_OR_GUIDE	Как считать прибыль на маркетплейсе без таблиц	как считать прибыль на маркетплейсе без таблиц	H3[15]; Как посчитать чистую прибыль на Wildberries и Ozon по каждому товару — MPfact	NEW_CANDIDATE		Previously unrecorded exact source wording of a concrete seller task; no Wordstat/Search demand proof from page.	ADD_CANDIDATE_FOR_LATER_M6_VALIDATION_ONLY	TARGETED_PUBLIC_PAGE_OBSERVATION_ONLY; NOT_WORDSTAT_DEMAND; NOT_OCTOPORT_PRODUCT_FACT; NOT_FINAL_CLUSTER_OR_PAGE_DECISION; NEW_CANDIDATE_OR_POSSIBLE_VARIANT_IS_NOT_DEMAND
M4QR2CD00055	M4QR2TR0031	REG037	https://sellerden.ru/sellerfox/	PUBLIC_PRODUCT_OR_SERVICE_LANDING	Аналитика для маркетплейсов	аналитика для маркетплейсов	H1; Аналитика для маркетплейсов	OUT_OF_SCOPE		Explicit 1C/accounting, external intelligence, onboarding/mutation, or another task outside launch product scope; preserve as page evidence.	NO_M6_PROMOTION_UNSUPPORTED_OR_DIFFERENT_TASK	TARGETED_PUBLIC_PAGE_OBSERVATION_ONLY; NOT_WORDSTAT_DEMAND; NOT_OCTOPORT_PRODUCT_FACT; NOT_FINAL_CLUSTER_OR_PAGE_DECISION; NEW_CANDIDATE_OR_POSSIBLE_VARIANT_IS_NOT_DEMAND
M4QR2CD00056	M4QR2TR0031	REG037	https://sellerden.ru/sellerfox/	PUBLIC_PRODUCT_OR_SERVICE_LANDING	Выгрузки данных маркетплейсов	выгрузки данных маркетплейсов	H2[1]; Аналитика для маркетплейсов	NEW_CANDIDATE		Previously unrecorded exact source wording of a concrete seller task; no Wordstat/Search demand proof from page.	ADD_CANDIDATE_FOR_LATER_M6_VALIDATION_ONLY	TARGETED_PUBLIC_PAGE_OBSERVATION_ONLY; NOT_WORDSTAT_DEMAND; NOT_OCTOPORT_PRODUCT_FACT; NOT_FINAL_CLUSTER_OR_PAGE_DECISION; NEW_CANDIDATE_OR_POSSIBLE_VARIANT_IS_NOT_DEMAND
M4QR2CD00057	M4QR2TR0032	REG042	https://selsup.ru/blog/11-sposobov-uvelichit-marzhinalnost-na-marketplejsah/	ARTICLE_OR_GUIDE	11 шагов к увеличению маржинальности на маркетплейсах	11 шагов к увеличению маржинальности на маркетплейсах	H1; 11 шагов к увеличению маржинальности на маркетплейсах	ALREADY_PRESENT	M4CCAND004131	Exact-safe raw wording already occurs in accepted M4C (1 source occurrences; same entity=1); no new demand claim.	KEEP_EXISTING_M4C_M6_ROUTE	TARGETED_PUBLIC_PAGE_OBSERVATION_ONLY; NOT_WORDSTAT_DEMAND; NOT_OCTOPORT_PRODUCT_FACT; NOT_FINAL_CLUSTER_OR_PAGE_DECISION; NEW_CANDIDATE_OR_POSSIBLE_VARIANT_IS_NOT_DEMAND
M4QR2CD00058	M4QR2TR0032	REG042	https://selsup.ru/blog/11-sposobov-uvelichit-marzhinalnost-na-marketplejsah/	ARTICLE_OR_GUIDE	Как продавать ювелирные изделия на Wildberries по FBS и FBW	как продавать ювелирные изделия на wildberries по fbs и fbw	H3[17]; 11 шагов к увеличению маржинальности на маркетплейсах	OUT_OF_SCOPE		Explicit 1C/accounting, external intelligence, onboarding/mutation, or another task outside launch product scope; preserve as page evidence.	NO_M6_PROMOTION_UNSUPPORTED_OR_DIFFERENT_TASK	TARGETED_PUBLIC_PAGE_OBSERVATION_ONLY; NOT_WORDSTAT_DEMAND; NOT_OCTOPORT_PRODUCT_FACT; NOT_FINAL_CLUSTER_OR_PAGE_DECISION; NEW_CANDIDATE_OR_POSSIBLE_VARIANT_IS_NOT_DEMAND
M4QR2CD00059	M4QR2TR0033	REG042	https://selsup.ru/blog/analitika-marketplejsov-chto-nuzhno-proveryat-dlya-uspeshnyh-prodazh/	ARTICLE_OR_GUIDE	Аналитика маркетплейсов: что нужно проверять для успешных продаж	аналитика маркетплейсов: что нужно проверять для успешных продаж	H1; Аналитика маркетплейсов: что нужно проверять для успешных продаж	ALREADY_PRESENT	M4CCAND004197	Exact-safe raw wording already occurs in accepted M4C (1 source occurrences; same entity=1); no new demand claim.	KEEP_EXISTING_M4C_M6_ROUTE	TARGETED_PUBLIC_PAGE_OBSERVATION_ONLY; NOT_WORDSTAT_DEMAND; NOT_OCTOPORT_PRODUCT_FACT; NOT_FINAL_CLUSTER_OR_PAGE_DECISION; NEW_CANDIDATE_OR_POSSIBLE_VARIANT_IS_NOT_DEMAND
M4QR2CD00060	M4QR2TR0033	REG042	https://selsup.ru/blog/analitika-marketplejsov-chto-nuzhno-proveryat-dlya-uspeshnyh-prodazh/	ARTICLE_OR_GUIDE	Как проверять остатки товаров через SelSup	как проверять остатки товаров через selsup	H2[3]; Аналитика маркетплейсов: что нужно проверять для успешных продаж	NEW_CANDIDATE		Previously unrecorded exact source wording of a concrete seller task; no Wordstat/Search demand proof from page.	ADD_CANDIDATE_FOR_LATER_M6_VALIDATION_ONLY	TARGETED_PUBLIC_PAGE_OBSERVATION_ONLY; NOT_WORDSTAT_DEMAND; NOT_OCTOPORT_PRODUCT_FACT; NOT_FINAL_CLUSTER_OR_PAGE_DECISION; NEW_CANDIDATE_OR_POSSIBLE_VARIANT_IS_NOT_DEMAND
M4QR2CD00061	M4QR2TR0033	REG042	https://selsup.ru/blog/analitika-marketplejsov-chto-nuzhno-proveryat-dlya-uspeshnyh-prodazh/	ARTICLE_OR_GUIDE	Как АВС-анализ помогает управлять продажами	как авс-анализ помогает управлять продажами	H2[4]; Аналитика маркетплейсов: что нужно проверять для успешных продаж	NEW_CANDIDATE		Previously unrecorded exact source wording of a concrete seller task; no Wordstat/Search demand proof from page.	ADD_CANDIDATE_FOR_LATER_M6_VALIDATION_ONLY	TARGETED_PUBLIC_PAGE_OBSERVATION_ONLY; NOT_WORDSTAT_DEMAND; NOT_OCTOPORT_PRODUCT_FACT; NOT_FINAL_CLUSTER_OR_PAGE_DECISION; NEW_CANDIDATE_OR_POSSIBLE_VARIANT_IS_NOT_DEMAND
M4QR2CD00062	M4QR2TR0034	REG042	https://selsup.ru/blog/finansovy-otchet-wildberries/	ARTICLE_OR_GUIDE	Отчёт о реализации Wildberries: как читать финансовый отчёт и сверить выплату	отчёт о реализации wildberries: как читать финансовый отчёт и сверить выплату	H1; Отчёт о реализации Wildberries: как читать финансовый отчёт и сверить выплату	ALREADY_PRESENT	M4CCAND004426	Exact-safe raw wording already occurs in accepted M4C (1 source occurrences; same entity=1); no new demand claim.	KEEP_EXISTING_M4C_M6_ROUTE	TARGETED_PUBLIC_PAGE_OBSERVATION_ONLY; NOT_WORDSTAT_DEMAND; NOT_OCTOPORT_PRODUCT_FACT; NOT_FINAL_CLUSTER_OR_PAGE_DECISION; NEW_CANDIDATE_OR_POSSIBLE_VARIANT_IS_NOT_DEMAND
M4QR2CD00063	M4QR2TR0034	REG042	https://selsup.ru/blog/finansovy-otchet-wildberries/	ARTICLE_OR_GUIDE	Как сверить отчёт с фактическими продажами	как сверить отчёт с фактическими продажами	H2[7]; Отчёт о реализации Wildberries: как читать финансовый отчёт и сверить выплату	NEW_CANDIDATE		Previously unrecorded exact source wording of a concrete seller task; no Wordstat/Search demand proof from page.	ADD_CANDIDATE_FOR_LATER_M6_VALIDATION_ONLY	TARGETED_PUBLIC_PAGE_OBSERVATION_ONLY; NOT_WORDSTAT_DEMAND; NOT_OCTOPORT_PRODUCT_FACT; NOT_FINAL_CLUSTER_OR_PAGE_DECISION; NEW_CANDIDATE_OR_POSSIBLE_VARIANT_IS_NOT_DEMAND
M4QR2CD00064	M4QR2TR0034	REG042	https://selsup.ru/blog/finansovy-otchet-wildberries/	ARTICLE_OR_GUIDE	Как найти причину расхождения	как найти причину расхождения	H2[8]; Отчёт о реализации Wildberries: как читать финансовый отчёт и сверить выплату	NEW_CANDIDATE		Previously unrecorded exact source wording of a concrete seller task; no Wordstat/Search demand proof from page.	ADD_CANDIDATE_FOR_LATER_M6_VALIDATION_ONLY	TARGETED_PUBLIC_PAGE_OBSERVATION_ONLY; NOT_WORDSTAT_DEMAND; NOT_OCTOPORT_PRODUCT_FACT; NOT_FINAL_CLUSTER_OR_PAGE_DECISION; NEW_CANDIDATE_OR_POSSIBLE_VARIANT_IS_NOT_DEMAND
M4QR2CD00065	M4QR2TR0034	REG042	https://selsup.ru/blog/finansovy-otchet-wildberries/	ARTICLE_OR_GUIDE	Как автоматизировать сверку отчётов?	как автоматизировать сверку отчётов?	H3[20]; Отчёт о реализации Wildberries: как читать финансовый отчёт и сверить выплату	NEW_CANDIDATE		Previously unrecorded exact source wording of a concrete seller task; no Wordstat/Search demand proof from page.	ADD_CANDIDATE_FOR_LATER_M6_VALIDATION_ONLY	TARGETED_PUBLIC_PAGE_OBSERVATION_ONLY; NOT_WORDSTAT_DEMAND; NOT_OCTOPORT_PRODUCT_FACT; NOT_FINAL_CLUSTER_OR_PAGE_DECISION; NEW_CANDIDATE_OR_POSSIBLE_VARIANT_IS_NOT_DEMAND
M4QR2CD00066	M4QR2TR0034	REG042	https://selsup.ru/blog/finansovy-otchet-wildberries/	ARTICLE_OR_GUIDE	Как SelSup помогает сверять отчёт Wildberries	как selsup помогает сверять отчёт wildberries	H2[22]; Отчёт о реализации Wildberries: как читать финансовый отчёт и сверить выплату	NEW_CANDIDATE		Previously unrecorded exact source wording of a concrete seller task; no Wordstat/Search demand proof from page.	ADD_CANDIDATE_FOR_LATER_M6_VALIDATION_ONLY	TARGETED_PUBLIC_PAGE_OBSERVATION_ONLY; NOT_WORDSTAT_DEMAND; NOT_OCTOPORT_PRODUCT_FACT; NOT_FINAL_CLUSTER_OR_PAGE_DECISION; NEW_CANDIDATE_OR_POSSIBLE_VARIANT_IS_NOT_DEMAND
M4QR2CD00067	M4QR2TR0034	REG042	https://selsup.ru/blog/finansovy-otchet-wildberries/	ARTICLE_OR_GUIDE	Как продавать ювелирные изделия на Wildberries по FBS и FBW	как продавать ювелирные изделия на wildberries по fbs и fbw	H3[25]; Отчёт о реализации Wildberries: как читать финансовый отчёт и сверить выплату	OUT_OF_SCOPE		Explicit 1C/accounting, external intelligence, onboarding/mutation, or another task outside launch product scope; preserve as page evidence.	NO_M6_PROMOTION_UNSUPPORTED_OR_DIFFERENT_TASK	TARGETED_PUBLIC_PAGE_OBSERVATION_ONLY; NOT_WORDSTAT_DEMAND; NOT_OCTOPORT_PRODUCT_FACT; NOT_FINAL_CLUSTER_OR_PAGE_DECISION; NEW_CANDIDATE_OR_POSSIBLE_VARIANT_IS_NOT_DEMAND
M4QR2CD00068	M4QR2TR0035	REG042	https://selsup.ru/blog/gde-v-ozone-najti-finansovyj-otchet/	ARTICLE_OR_GUIDE	Отчёт о реализации Ozon: где найти и как сверить выплату	отчёт о реализации ozon: где найти и как сверить выплату	H1; Отчёт о реализации Ozon: где найти и как сверить выплату	ALREADY_PRESENT	M4CCAND004450	Exact-safe raw wording already occurs in accepted M4C (1 source occurrences; same entity=1); no new demand claim.	KEEP_EXISTING_M4C_M6_ROUTE	TARGETED_PUBLIC_PAGE_OBSERVATION_ONLY; NOT_WORDSTAT_DEMAND; NOT_OCTOPORT_PRODUCT_FACT; NOT_FINAL_CLUSTER_OR_PAGE_DECISION; NEW_CANDIDATE_OR_POSSIBLE_VARIANT_IS_NOT_DEMAND
M4QR2CD00069	M4QR2TR0035	REG042	https://selsup.ru/blog/gde-v-ozone-najti-finansovyj-otchet/	ARTICLE_OR_GUIDE	Как вручную сверить выплату за месяц	как вручную сверить выплату за месяц	H2[5]; Отчёт о реализации Ozon: где найти и как сверить выплату	NEW_CANDIDATE		Previously unrecorded exact source wording of a concrete seller task; no Wordstat/Search demand proof from page.	ADD_CANDIDATE_FOR_LATER_M6_VALIDATION_ONLY	TARGETED_PUBLIC_PAGE_OBSERVATION_ONLY; NOT_WORDSTAT_DEMAND; NOT_OCTOPORT_PRODUCT_FACT; NOT_FINAL_CLUSTER_OR_PAGE_DECISION; NEW_CANDIDATE_OR_POSSIBLE_VARIANT_IS_NOT_DEMAND
M4QR2CD00070	M4QR2TR0036	REG042	https://selsup.ru/blog/ii-ofis-dlya-sellerov-i-marketplejsov/	ARTICLE_OR_GUIDE	ИИ-офис для селлеров: как агенты управляют процессами маркетплейсов	ии-офис для селлеров: как агенты управляют процессами маркетплейсов	H1; ИИ-офис для селлеров: как агенты управляют процессами маркетплейсов	AMBIGUOUS		Mixed autonomous/AI/market intelligence claim or under-specified heading; no product/demand inference.	HOLD_FOR_M6_TASK_AND_CAPABILITY_REVIEW	TARGETED_PUBLIC_PAGE_OBSERVATION_ONLY; NOT_WORDSTAT_DEMAND; NOT_OCTOPORT_PRODUCT_FACT; NOT_FINAL_CLUSTER_OR_PAGE_DECISION; NEW_CANDIDATE_OR_POSSIBLE_VARIANT_IS_NOT_DEMAND
M4QR2CD00071	M4QR2TR0036	REG042	https://selsup.ru/blog/ii-ofis-dlya-sellerov-i-marketplejsov/	ARTICLE_OR_GUIDE	Как устроен ИИ‑офис селлера	как устроен ии‑офис селлера	H2[2]; ИИ-офис для селлеров: как агенты управляют процессами маркетплейсов	AMBIGUOUS		Mixed autonomous/AI/market intelligence claim or under-specified heading; no product/demand inference.	HOLD_FOR_M6_TASK_AND_CAPABILITY_REVIEW	TARGETED_PUBLIC_PAGE_OBSERVATION_ONLY; NOT_WORDSTAT_DEMAND; NOT_OCTOPORT_PRODUCT_FACT; NOT_FINAL_CLUSTER_OR_PAGE_DECISION; NEW_CANDIDATE_OR_POSSIBLE_VARIANT_IS_NOT_DEMAND
M4QR2CD00072	M4QR2TR0036	REG042	https://selsup.ru/blog/ii-ofis-dlya-sellerov-i-marketplejsov/	ARTICLE_OR_GUIDE	Как понять, что пилот можно масштабировать?	как понять, что пилот можно масштабировать?	H3[18]; ИИ-офис для селлеров: как агенты управляют процессами маркетплейсов	NEW_CANDIDATE		Previously unrecorded exact source wording of a concrete seller task; no Wordstat/Search demand proof from page.	ADD_CANDIDATE_FOR_LATER_M6_VALIDATION_ONLY	TARGETED_PUBLIC_PAGE_OBSERVATION_ONLY; NOT_WORDSTAT_DEMAND; NOT_OCTOPORT_PRODUCT_FACT; NOT_FINAL_CLUSTER_OR_PAGE_DECISION; NEW_CANDIDATE_OR_POSSIBLE_VARIANT_IS_NOT_DEMAND
M4QR2CD00073	M4QR2TR0037	REG042	https://selsup.ru/blog/kak-pravilno-sozdat-kartochku-tovara-na-wildberries-v-2024-godu-poshagovaya-instruktsiya/	ARTICLE_OR_GUIDE	Как создать карточку товара на Wildberries в 2026 году: пошаговая инструкция	как создать карточку товара на wildberries в 2026 году: пошаговая инструкция	H1; Как создать карточку товара на Wildberries в 2026 году: пошаговая инструкция	POSSIBLE_VARIANT		Distinct exact wording of a broad accepted seller task; possible variant only, no synonym/identity merge.	KEEP_EXISTING_VALIDATION_QUESTION_PENDING_EXACT_DEMAND_CHECK	TARGETED_PUBLIC_PAGE_OBSERVATION_ONLY; NOT_WORDSTAT_DEMAND; NOT_OCTOPORT_PRODUCT_FACT; NOT_FINAL_CLUSTER_OR_PAGE_DECISION; NEW_CANDIDATE_OR_POSSIBLE_VARIANT_IS_NOT_DEMAND
M4QR2CD00074	M4QR2TR0037	REG042	https://selsup.ru/blog/kak-pravilno-sozdat-kartochku-tovara-na-wildberries-v-2024-godu-poshagovaya-instruktsiya/	ARTICLE_OR_GUIDE	Как продавать ювелирные изделия на Wildberries по FBS и FBW	как продавать ювелирные изделия на wildberries по fbs и fbw	H3[11]; Как создать карточку товара на Wildberries в 2026 году: пошаговая инструкция	OUT_OF_SCOPE		Explicit 1C/accounting, external intelligence, onboarding/mutation, or another task outside launch product scope; preserve as page evidence.	NO_M6_PROMOTION_UNSUPPORTED_OR_DIFFERENT_TASK	TARGETED_PUBLIC_PAGE_OBSERVATION_ONLY; NOT_WORDSTAT_DEMAND; NOT_OCTOPORT_PRODUCT_FACT; NOT_FINAL_CLUSTER_OR_PAGE_DECISION; NEW_CANDIDATE_OR_POSSIBLE_VARIANT_IS_NOT_DEMAND
M4QR2CD00075	M4QR2TR0038	REG042	https://selsup.ru/blog/kak-stat-prodavtsom-na-wildberries-poshagovaya-instruktsiya-po-registratsii-v-lichnom-kabinete/	ARTICLE_OR_GUIDE	Как стать продавцом на Wildberries в 2026 году	как стать продавцом на wildberries в 2026 году	H1; Как стать продавцом на Wildberries в 2026 году	OUT_OF_SCOPE		Explicit 1C/accounting, external intelligence, onboarding/mutation, or another task outside launch product scope; preserve as page evidence.	NO_M6_PROMOTION_UNSUPPORTED_OR_DIFFERENT_TASK	TARGETED_PUBLIC_PAGE_OBSERVATION_ONLY; NOT_WORDSTAT_DEMAND; NOT_OCTOPORT_PRODUCT_FACT; NOT_FINAL_CLUSTER_OR_PAGE_DECISION; NEW_CANDIDATE_OR_POSSIBLE_VARIANT_IS_NOT_DEMAND
M4QR2CD00076	M4QR2TR0038	REG042	https://selsup.ru/blog/kak-stat-prodavtsom-na-wildberries-poshagovaya-instruktsiya-po-registratsii-v-lichnom-kabinete/	ARTICLE_OR_GUIDE	Как проверить товар, документы и маркировку	как проверить товар, документы и маркировку	H2[4]; Как стать продавцом на Wildberries в 2026 году	OUT_OF_SCOPE		Explicit 1C/accounting, external intelligence, onboarding/mutation, or another task outside launch product scope; preserve as page evidence.	NO_M6_PROMOTION_UNSUPPORTED_OR_DIFFERENT_TASK	TARGETED_PUBLIC_PAGE_OBSERVATION_ONLY; NOT_WORDSTAT_DEMAND; NOT_OCTOPORT_PRODUCT_FACT; NOT_FINAL_CLUSTER_OR_PAGE_DECISION; NEW_CANDIDATE_OR_POSSIBLE_VARIANT_IS_NOT_DEMAND
M4QR2CD00077	M4QR2TR0038	REG042	https://selsup.ru/blog/kak-stat-prodavtsom-na-wildberries-poshagovaya-instruktsiya-po-registratsii-v-lichnom-kabinete/	ARTICLE_OR_GUIDE	Как выбрать схему работы и логистику	как выбрать схему работы и логистику	H2[5]; Как стать продавцом на Wildberries в 2026 году	NEW_CANDIDATE		Previously unrecorded exact source wording of a concrete seller task; no Wordstat/Search demand proof from page.	ADD_CANDIDATE_FOR_LATER_M6_VALIDATION_ONLY	TARGETED_PUBLIC_PAGE_OBSERVATION_ONLY; NOT_WORDSTAT_DEMAND; NOT_OCTOPORT_PRODUCT_FACT; NOT_FINAL_CLUSTER_OR_PAGE_DECISION; NEW_CANDIDATE_OR_POSSIBLE_VARIANT_IS_NOT_DEMAND
M4QR2CD00078	M4QR2TR0038	REG042	https://selsup.ru/blog/kak-stat-prodavtsom-na-wildberries-poshagovaya-instruktsiya-po-registratsii-v-lichnom-kabinete/	ARTICLE_OR_GUIDE	Как рассчитать бюджет и прибыль до старта	как рассчитать бюджет и прибыль до старта	H2[6]; Как стать продавцом на Wildberries в 2026 году	NEW_CANDIDATE		Previously unrecorded exact source wording of a concrete seller task; no Wordstat/Search demand proof from page.	ADD_CANDIDATE_FOR_LATER_M6_VALIDATION_ONLY	TARGETED_PUBLIC_PAGE_OBSERVATION_ONLY; NOT_WORDSTAT_DEMAND; NOT_OCTOPORT_PRODUCT_FACT; NOT_FINAL_CLUSTER_OR_PAGE_DECISION; NEW_CANDIDATE_OR_POSSIBLE_VARIANT_IS_NOT_DEMAND
M4QR2CD00079	M4QR2TR0038	REG042	https://selsup.ru/blog/kak-stat-prodavtsom-na-wildberries-poshagovaya-instruktsiya-po-registratsii-v-lichnom-kabinete/	ARTICLE_OR_GUIDE	Как зарегистрироваться на WB Partners	как зарегистрироваться на wb partners	H2[8]; Как стать продавцом на Wildberries в 2026 году	OUT_OF_SCOPE		Explicit 1C/accounting, external intelligence, onboarding/mutation, or another task outside launch product scope; preserve as page evidence.	NO_M6_PROMOTION_UNSUPPORTED_OR_DIFFERENT_TASK	TARGETED_PUBLIC_PAGE_OBSERVATION_ONLY; NOT_WORDSTAT_DEMAND; NOT_OCTOPORT_PRODUCT_FACT; NOT_FINAL_CLUSTER_OR_PAGE_DECISION; NEW_CANDIDATE_OR_POSSIBLE_VARIANT_IS_NOT_DEMAND
M4QR2CD00080	M4QR2TR0038	REG042	https://selsup.ru/blog/kak-stat-prodavtsom-na-wildberries-poshagovaya-instruktsiya-po-registratsii-v-lichnom-kabinete/	ARTICLE_OR_GUIDE	Как SelSup помогает управлять продажами	как selsup помогает управлять продажами	H2[27]; Как стать продавцом на Wildberries в 2026 году	NEW_CANDIDATE		Previously unrecorded exact source wording of a concrete seller task; no Wordstat/Search demand proof from page.	ADD_CANDIDATE_FOR_LATER_M6_VALIDATION_ONLY	TARGETED_PUBLIC_PAGE_OBSERVATION_ONLY; NOT_WORDSTAT_DEMAND; NOT_OCTOPORT_PRODUCT_FACT; NOT_FINAL_CLUSTER_OR_PAGE_DECISION; NEW_CANDIDATE_OR_POSSIBLE_VARIANT_IS_NOT_DEMAND
M4QR2CD00081	M4QR2TR0038	REG042	https://selsup.ru/blog/kak-stat-prodavtsom-na-wildberries-poshagovaya-instruktsiya-po-registratsii-v-lichnom-kabinete/	ARTICLE_OR_GUIDE	Как продавать ювелирные изделия на Wildberries по FBS и FBW	как продавать ювелирные изделия на wildberries по fbs и fbw	H3[30]; Как стать продавцом на Wildberries в 2026 году	OUT_OF_SCOPE		Explicit 1C/accounting, external intelligence, onboarding/mutation, or another task outside launch product scope; preserve as page evidence.	NO_M6_PROMOTION_UNSUPPORTED_OR_DIFFERENT_TASK	TARGETED_PUBLIC_PAGE_OBSERVATION_ONLY; NOT_WORDSTAT_DEMAND; NOT_OCTOPORT_PRODUCT_FACT; NOT_FINAL_CLUSTER_OR_PAGE_DECISION; NEW_CANDIDATE_OR_POSSIBLE_VARIANT_IS_NOT_DEMAND
M4QR2CD00082	M4QR2TR0039	REG042	https://selsup.ru/blog/kak-vnutrennyaya-analitika-marketplejsov-pomogaet-uvelichit-vyruchku-magazina/	ARTICLE_OR_GUIDE	Как внутренняя аналитика маркетплейсов помогает увеличить выручку магазина	как внутренняя аналитика маркетплейсов помогает увеличить выручку магазина	H1; Как внутренняя аналитика маркетплейсов помогает увеличить выручку магазина	ALREADY_PRESENT	M4CCAND004700	Exact-safe raw wording already occurs in accepted M4C (1 source occurrences; same entity=1); no new demand claim.	KEEP_EXISTING_M4C_M6_ROUTE	TARGETED_PUBLIC_PAGE_OBSERVATION_ONLY; NOT_WORDSTAT_DEMAND; NOT_OCTOPORT_PRODUCT_FACT; NOT_FINAL_CLUSTER_OR_PAGE_DECISION; NEW_CANDIDATE_OR_POSSIBLE_VARIANT_IS_NOT_DEMAND
M4QR2CD00083	M4QR2TR0039	REG042	https://selsup.ru/blog/kak-vnutrennyaya-analitika-marketplejsov-pomogaet-uvelichit-vyruchku-magazina/	ARTICLE_OR_GUIDE	Как увеличить продажи с помощью внутренней аналитики маркетплейсов	как увеличить продажи с помощью внутренней аналитики маркетплейсов	H2[6]; Как внутренняя аналитика маркетплейсов помогает увеличить выручку магазина	NEW_CANDIDATE		Previously unrecorded exact source wording of a concrete seller task; no Wordstat/Search demand proof from page.	ADD_CANDIDATE_FOR_LATER_M6_VALIDATION_ONLY	TARGETED_PUBLIC_PAGE_OBSERVATION_ONLY; NOT_WORDSTAT_DEMAND; NOT_OCTOPORT_PRODUCT_FACT; NOT_FINAL_CLUSTER_OR_PAGE_DECISION; NEW_CANDIDATE_OR_POSSIBLE_VARIANT_IS_NOT_DEMAND
M4QR2CD00084	M4QR2TR0039	REG042	https://selsup.ru/blog/kak-vnutrennyaya-analitika-marketplejsov-pomogaet-uvelichit-vyruchku-magazina/	ARTICLE_OR_GUIDE	Как продавать ювелирные изделия на Wildberries по FBS и FBW	как продавать ювелирные изделия на wildberries по fbs и fbw	H3[14]; Как внутренняя аналитика маркетплейсов помогает увеличить выручку магазина	OUT_OF_SCOPE		Explicit 1C/accounting, external intelligence, onboarding/mutation, or another task outside launch product scope; preserve as page evidence.	NO_M6_PROMOTION_UNSUPPORTED_OR_DIFFERENT_TASK	TARGETED_PUBLIC_PAGE_OBSERVATION_ONLY; NOT_WORDSTAT_DEMAND; NOT_OCTOPORT_PRODUCT_FACT; NOT_FINAL_CLUSTER_OR_PAGE_DECISION; NEW_CANDIDATE_OR_POSSIBLE_VARIANT_IS_NOT_DEMAND
M4QR2CD00085	M4QR2TR0040	REG042	https://selsup.ru/blog/kakie-vidy-pribyli-sushhestvuyut-i-zachem-ih-schitat-pri-torgovle-na-marketplejsa/	ARTICLE_OR_GUIDE	Какие виды прибыли существуют и зачем их считать при торговле на маркетплейсах	какие виды прибыли существуют и зачем их считать при торговле на маркетплейсах	H1; Какие виды прибыли существуют и зачем их считать при торговле на маркетплейсах	ALREADY_PRESENT	M4CCAND004719	Exact-safe raw wording already occurs in accepted M4C (1 source occurrences; same entity=1); no new demand claim.	KEEP_EXISTING_M4C_M6_ROUTE	TARGETED_PUBLIC_PAGE_OBSERVATION_ONLY; NOT_WORDSTAT_DEMAND; NOT_OCTOPORT_PRODUCT_FACT; NOT_FINAL_CLUSTER_OR_PAGE_DECISION; NEW_CANDIDATE_OR_POSSIBLE_VARIANT_IS_NOT_DEMAND
M4QR2CD00086	M4QR2TR0040	REG042	https://selsup.ru/blog/kakie-vidy-pribyli-sushhestvuyut-i-zachem-ih-schitat-pri-torgovle-na-marketplejsa/	ARTICLE_OR_GUIDE	Как анализировать разные виды прибыли	как анализировать разные виды прибыли	H2[5]; Какие виды прибыли существуют и зачем их считать при торговле на маркетплейсах	NEW_CANDIDATE		Previously unrecorded exact source wording of a concrete seller task; no Wordstat/Search demand proof from page.	ADD_CANDIDATE_FOR_LATER_M6_VALIDATION_ONLY	TARGETED_PUBLIC_PAGE_OBSERVATION_ONLY; NOT_WORDSTAT_DEMAND; NOT_OCTOPORT_PRODUCT_FACT; NOT_FINAL_CLUSTER_OR_PAGE_DECISION; NEW_CANDIDATE_OR_POSSIBLE_VARIANT_IS_NOT_DEMAND
M4QR2CD00087	M4QR2TR0041	REG042	https://selsup.ru/blog/servisy-analitiki-prodazh-na-marketplejsah-top-6-dlya-vseh-ploshhadok/	ARTICLE_OR_GUIDE	Сервисы для работы с маркетплейсами в 2026 году: что выбрать селлеру	сервисы для работы с маркетплейсами в 2026 году: что выбрать селлеру	H1; Сервисы для работы с маркетплейсами в 2026 году: что выбрать селлеру	NEW_CANDIDATE		Previously unrecorded exact source wording of a concrete seller task; no Wordstat/Search demand proof from page.	ADD_CANDIDATE_FOR_LATER_M6_VALIDATION_ONLY	TARGETED_PUBLIC_PAGE_OBSERVATION_ONLY; NOT_WORDSTAT_DEMAND; NOT_OCTOPORT_PRODUCT_FACT; NOT_FINAL_CLUSTER_OR_PAGE_DECISION; NEW_CANDIDATE_OR_POSSIBLE_VARIANT_IS_NOT_DEMAND
M4QR2CD00088	M4QR2TR0041	REG042	https://selsup.ru/blog/servisy-analitiki-prodazh-na-marketplejsah-top-6-dlya-vseh-ploshhadok/	ARTICLE_OR_GUIDE	Как выбрать программу для FBO и FBS	как выбрать программу для fbo и fbs	H2[5]; Сервисы для работы с маркетплейсами в 2026 году: что выбрать селлеру	OUT_OF_SCOPE		Explicit 1C/accounting, external intelligence, onboarding/mutation, or another task outside launch product scope; preserve as page evidence.	NO_M6_PROMOTION_UNSUPPORTED_OR_DIFFERENT_TASK	TARGETED_PUBLIC_PAGE_OBSERVATION_ONLY; NOT_WORDSTAT_DEMAND; NOT_OCTOPORT_PRODUCT_FACT; NOT_FINAL_CLUSTER_OR_PAGE_DECISION; NEW_CANDIDATE_OR_POSSIBLE_VARIANT_IS_NOT_DEMAND
M4QR2CD00089	M4QR2TR0041	REG042	https://selsup.ru/blog/servisy-analitiki-prodazh-na-marketplejsah-top-6-dlya-vseh-ploshhadok/	ARTICLE_OR_GUIDE	Как проверить финансовую аналитику	как проверить финансовую аналитику	H2[6]; Сервисы для работы с маркетплейсами в 2026 году: что выбрать селлеру	NEW_CANDIDATE		Previously unrecorded exact source wording of a concrete seller task; no Wordstat/Search demand proof from page.	ADD_CANDIDATE_FOR_LATER_M6_VALIDATION_ONLY	TARGETED_PUBLIC_PAGE_OBSERVATION_ONLY; NOT_WORDSTAT_DEMAND; NOT_OCTOPORT_PRODUCT_FACT; NOT_FINAL_CLUSTER_OR_PAGE_DECISION; NEW_CANDIDATE_OR_POSSIBLE_VARIANT_IS_NOT_DEMAND
M4QR2CD00090	M4QR2TR0041	REG042	https://selsup.ru/blog/servisy-analitiki-prodazh-na-marketplejsah-top-6-dlya-vseh-ploshhadok/	ARTICLE_OR_GUIDE	Как посчитать окупаемость сервиса	как посчитать окупаемость сервиса	H2[7]; Сервисы для работы с маркетплейсами в 2026 году: что выбрать селлеру	NEW_CANDIDATE		Previously unrecorded exact source wording of a concrete seller task; no Wordstat/Search demand proof from page.	ADD_CANDIDATE_FOR_LATER_M6_VALIDATION_ONLY	TARGETED_PUBLIC_PAGE_OBSERVATION_ONLY; NOT_WORDSTAT_DEMAND; NOT_OCTOPORT_PRODUCT_FACT; NOT_FINAL_CLUSTER_OR_PAGE_DECISION; NEW_CANDIDATE_OR_POSSIBLE_VARIANT_IS_NOT_DEMAND
M4QR2CD00091	M4QR2TR0041	REG042	https://selsup.ru/blog/servisy-analitiki-prodazh-na-marketplejsah-top-6-dlya-vseh-ploshhadok/	ARTICLE_OR_GUIDE	Проверка сервиса перед покупкой	проверка сервиса перед покупкой	H2[8]; Сервисы для работы с маркетплейсами в 2026 году: что выбрать селлеру	NEW_CANDIDATE		Previously unrecorded exact source wording of a concrete seller task; no Wordstat/Search demand proof from page.	ADD_CANDIDATE_FOR_LATER_M6_VALIDATION_ONLY	TARGETED_PUBLIC_PAGE_OBSERVATION_ONLY; NOT_WORDSTAT_DEMAND; NOT_OCTOPORT_PRODUCT_FACT; NOT_FINAL_CLUSTER_OR_PAGE_DECISION; NEW_CANDIDATE_OR_POSSIBLE_VARIANT_IS_NOT_DEMAND
M4QR2CD00092	M4QR2TR0041	REG042	https://selsup.ru/blog/servisy-analitiki-prodazh-na-marketplejsah-top-6-dlya-vseh-ploshhadok/	ARTICLE_OR_GUIDE	Как продавать ювелирные изделия на Wildberries по FBS и FBW	как продавать ювелирные изделия на wildberries по fbs и fbw	H3[17]; Сервисы для работы с маркетплейсами в 2026 году: что выбрать селлеру	OUT_OF_SCOPE		Explicit 1C/accounting, external intelligence, onboarding/mutation, or another task outside launch product scope; preserve as page evidence.	NO_M6_PROMOTION_UNSUPPORTED_OR_DIFFERENT_TASK	TARGETED_PUBLIC_PAGE_OBSERVATION_ONLY; NOT_WORDSTAT_DEMAND; NOT_OCTOPORT_PRODUCT_FACT; NOT_FINAL_CLUSTER_OR_PAGE_DECISION; NEW_CANDIDATE_OR_POSSIBLE_VARIANT_IS_NOT_DEMAND
M4QR2CD00093	M4QR2TR0042	REG042	https://selsup.ru/blog/top-9-nejrosetej-dlya-marketplejsov-i-sellerov-polnyj-obzor/	ARTICLE_OR_GUIDE	Нейросети для маркетплейсов: 8 сервисов и их тарифы	нейросети для маркетплейсов: 8 сервисов и их тарифы	H1; Нейросети для маркетплейсов: 8 сервисов и их тарифы	AMBIGUOUS		Mixed autonomous/AI/market intelligence claim or under-specified heading; no product/demand inference.	HOLD_FOR_M6_TASK_AND_CAPABILITY_REVIEW	TARGETED_PUBLIC_PAGE_OBSERVATION_ONLY; NOT_WORDSTAT_DEMAND; NOT_OCTOPORT_PRODUCT_FACT; NOT_FINAL_CLUSTER_OR_PAGE_DECISION; NEW_CANDIDATE_OR_POSSIBLE_VARIANT_IS_NOT_DEMAND
M4QR2CD00094	M4QR2TR0042	REG042	https://selsup.ru/blog/top-9-nejrosetej-dlya-marketplejsov-i-sellerov-polnyj-obzor/	ARTICLE_OR_GUIDE	Как часто надо перепроверять тарифы?	как часто надо перепроверять тарифы?	H3[25]; Нейросети для маркетплейсов: 8 сервисов и их тарифы	OUT_OF_SCOPE		Explicit 1C/accounting, external intelligence, onboarding/mutation, or another task outside launch product scope; preserve as page evidence.	NO_M6_PROMOTION_UNSUPPORTED_OR_DIFFERENT_TASK	TARGETED_PUBLIC_PAGE_OBSERVATION_ONLY; NOT_WORDSTAT_DEMAND; NOT_OCTOPORT_PRODUCT_FACT; NOT_FINAL_CLUSTER_OR_PAGE_DECISION; NEW_CANDIDATE_OR_POSSIBLE_VARIANT_IS_NOT_DEMAND
M4QR2CD00095	M4QR2TR0043	REG042	https://selsup.ru/blog/top-gipotez-dlya-uvelicheniya-pribyli-ot-prodazh-na-marketplejsah/	ARTICLE_OR_GUIDE	Как увеличить прибыль на маркетплейсах в 2026 году: гипотезы, которые стоит проверить	как увеличить прибыль на маркетплейсах в 2026 году: гипотезы, которые стоит проверить	H1; Как увеличить прибыль на маркетплейсах в 2026 году: гипотезы, которые стоит проверить	ALREADY_PRESENT	M4CCAND005758	Exact-safe raw wording already occurs in accepted M4C (1 source occurrences; same entity=1); no new demand claim.	KEEP_EXISTING_M4C_M6_ROUTE	TARGETED_PUBLIC_PAGE_OBSERVATION_ONLY; NOT_WORDSTAT_DEMAND; NOT_OCTOPORT_PRODUCT_FACT; NOT_FINAL_CLUSTER_OR_PAGE_DECISION; NEW_CANDIDATE_OR_POSSIBLE_VARIANT_IS_NOT_DEMAND
M4QR2CD00096	M4QR2TR0043	REG042	https://selsup.ru/blog/top-gipotez-dlya-uvelicheniya-pribyli-ot-prodazh-na-marketplejsah/	ARTICLE_OR_GUIDE	Как устроена гипотеза, которую можно проверить	как устроена гипотеза, которую можно проверить	H2[4]; Как увеличить прибыль на маркетплейсах в 2026 году: гипотезы, которые стоит проверить	AMBIGUOUS		Mixed autonomous/AI/market intelligence claim or under-specified heading; no product/demand inference.	HOLD_FOR_M6_TASK_AND_CAPABILITY_REVIEW	TARGETED_PUBLIC_PAGE_OBSERVATION_ONLY; NOT_WORDSTAT_DEMAND; NOT_OCTOPORT_PRODUCT_FACT; NOT_FINAL_CLUSTER_OR_PAGE_DECISION; NEW_CANDIDATE_OR_POSSIBLE_VARIANT_IS_NOT_DEMAND
M4QR2CD00097	M4QR2TR0043	REG042	https://selsup.ru/blog/top-gipotez-dlya-uvelicheniya-pribyli-ot-prodazh-na-marketplejsah/	ARTICLE_OR_GUIDE	Как считать результат	как считать результат	H2[10]; Как увеличить прибыль на маркетплейсах в 2026 году: гипотезы, которые стоит проверить	AMBIGUOUS		Mixed autonomous/AI/market intelligence claim or under-specified heading; no product/demand inference.	HOLD_FOR_M6_TASK_AND_CAPABILITY_REVIEW	TARGETED_PUBLIC_PAGE_OBSERVATION_ONLY; NOT_WORDSTAT_DEMAND; NOT_OCTOPORT_PRODUCT_FACT; NOT_FINAL_CLUSTER_OR_PAGE_DECISION; NEW_CANDIDATE_OR_POSSIBLE_VARIANT_IS_NOT_DEMAND
M4QR2CD00098	M4QR2TR0043	REG042	https://selsup.ru/blog/top-gipotez-dlya-uvelicheniya-pribyli-ot-prodazh-na-marketplejsah/	ARTICLE_OR_GUIDE	Как понять, что тест провалился не из-за гипотезы?	как понять, что тест провалился не из-за гипотезы?	H3[16]; Как увеличить прибыль на маркетплейсах в 2026 году: гипотезы, которые стоит проверить	AMBIGUOUS		Mixed autonomous/AI/market intelligence claim or under-specified heading; no product/demand inference.	HOLD_FOR_M6_TASK_AND_CAPABILITY_REVIEW	TARGETED_PUBLIC_PAGE_OBSERVATION_ONLY; NOT_WORDSTAT_DEMAND; NOT_OCTOPORT_PRODUCT_FACT; NOT_FINAL_CLUSTER_OR_PAGE_DECISION; NEW_CANDIDATE_OR_POSSIBLE_VARIANT_IS_NOT_DEMAND
M4QR2CD00099	M4QR2TR0044	REG042	https://selsup.ru/blog/valovaya-pribyl-vyruchka-i-marzhinalnost-na-marketplejsah-ponyatiya-kotorye-nuzhno-znat-kazhdomu-selleru/	ARTICLE_OR_GUIDE	Валовая прибыль, выручка и маржинальность на маркетплейсах: формулы и расчёт	валовая прибыль, выручка и маржинальность на маркетплейсах: формулы и расчёт	H1; Валовая прибыль, выручка и маржинальность на маркетплейсах: формулы и расчёт	ALREADY_PRESENT	M4CCAND005846	Exact-safe raw wording already occurs in accepted M4C (1 source occurrences; same entity=1); no new demand claim.	KEEP_EXISTING_M4C_M6_ROUTE	TARGETED_PUBLIC_PAGE_OBSERVATION_ONLY; NOT_WORDSTAT_DEMAND; NOT_OCTOPORT_PRODUCT_FACT; NOT_FINAL_CLUSTER_OR_PAGE_DECISION; NEW_CANDIDATE_OR_POSSIBLE_VARIANT_IS_NOT_DEMAND
M4QR2CD00100	M4QR2TR0044	REG042	https://selsup.ru/blog/valovaya-pribyl-vyruchka-i-marzhinalnost-na-marketplejsah-ponyatiya-kotorye-nuzhno-znat-kazhdomu-selleru/	ARTICLE_OR_GUIDE	Прогноз маржинальности и калькулятор комиссий Ozon	прогноз маржинальности и калькулятор комиссий ozon	H3[8]; Валовая прибыль, выручка и маржинальность на маркетплейсах: формулы и расчёт	OUT_OF_SCOPE		Explicit 1C/accounting, external intelligence, onboarding/mutation, or another task outside launch product scope; preserve as page evidence.	NO_M6_PROMOTION_UNSUPPORTED_OR_DIFFERENT_TASK	TARGETED_PUBLIC_PAGE_OBSERVATION_ONLY; NOT_WORDSTAT_DEMAND; NOT_OCTOPORT_PRODUCT_FACT; NOT_FINAL_CLUSTER_OR_PAGE_DECISION; NEW_CANDIDATE_OR_POSSIBLE_VARIANT_IS_NOT_DEMAND
M4QR2CD00101	M4QR2TR0044	REG042	https://selsup.ru/blog/valovaya-pribyl-vyruchka-i-marzhinalnost-na-marketplejsah-ponyatiya-kotorye-nuzhno-znat-kazhdomu-selleru/	ARTICLE_OR_GUIDE	Как считать помесячно и по каждому артикулу	как считать помесячно и по каждому артикулу	H2[10]; Валовая прибыль, выручка и маржинальность на маркетплейсах: формулы и расчёт	NEW_CANDIDATE		Previously unrecorded exact source wording of a concrete seller task; no Wordstat/Search demand proof from page.	ADD_CANDIDATE_FOR_LATER_M6_VALIDATION_ONLY	TARGETED_PUBLIC_PAGE_OBSERVATION_ONLY; NOT_WORDSTAT_DEMAND; NOT_OCTOPORT_PRODUCT_FACT; NOT_FINAL_CLUSTER_OR_PAGE_DECISION; NEW_CANDIDATE_OR_POSSIBLE_VARIANT_IS_NOT_DEMAND
M4QR2CD00102	M4QR2TR0044	REG042	https://selsup.ru/blog/valovaya-pribyl-vyruchka-i-marzhinalnost-na-marketplejsah-ponyatiya-kotorye-nuzhno-znat-kazhdomu-selleru/	ARTICLE_OR_GUIDE	Как посчитать маржинальность, если продаю на трёх площадках?	как посчитать маржинальность, если продаю на трёх площадках?	H3[16]; Валовая прибыль, выручка и маржинальность на маркетплейсах: формулы и расчёт	NEW_CANDIDATE		Previously unrecorded exact source wording of a concrete seller task; no Wordstat/Search demand proof from page.	ADD_CANDIDATE_FOR_LATER_M6_VALIDATION_ONLY	TARGETED_PUBLIC_PAGE_OBSERVATION_ONLY; NOT_WORDSTAT_DEMAND; NOT_OCTOPORT_PRODUCT_FACT; NOT_FINAL_CLUSTER_OR_PAGE_DECISION; NEW_CANDIDATE_OR_POSSIBLE_VARIANT_IS_NOT_DEMAND
M4QR2CD00103	M4QR2TR0045	REG042	https://selsup.ru/help/zagruzka-otchetov-vruchnuyu/	HELP_DOCUMENTATION	Загрузка отчетов вручную	загрузка отчетов вручную	H1; Загрузка отчетов вручную	ALREADY_PRESENT	M4CCAND006580	Exact-safe raw wording already occurs in accepted M4C (1 source occurrences; same entity=1); no new demand claim.	KEEP_EXISTING_M4C_M6_ROUTE	TARGETED_PUBLIC_PAGE_OBSERVATION_ONLY; NOT_WORDSTAT_DEMAND; NOT_OCTOPORT_PRODUCT_FACT; NOT_FINAL_CLUSTER_OR_PAGE_DECISION; NEW_CANDIDATE_OR_POSSIBLE_VARIANT_IS_NOT_DEMAND
M4QR2CD00104	M4QR2TR0045	REG042	https://selsup.ru/help/zagruzka-otchetov-vruchnuyu/	HELP_DOCUMENTATION	Импорт финансовой аналитики из Wildberries	импорт финансовой аналитики из wildberries	H2[2]; Загрузка отчетов вручную	NEW_CANDIDATE		Previously unrecorded exact source wording of a concrete seller task; no Wordstat/Search demand proof from page.	ADD_CANDIDATE_FOR_LATER_M6_VALIDATION_ONLY	TARGETED_PUBLIC_PAGE_OBSERVATION_ONLY; NOT_WORDSTAT_DEMAND; NOT_OCTOPORT_PRODUCT_FACT; NOT_FINAL_CLUSTER_OR_PAGE_DECISION; NEW_CANDIDATE_OR_POSSIBLE_VARIANT_IS_NOT_DEMAND
M4QR2CD00105	M4QR2TR0045	REG042	https://selsup.ru/help/zagruzka-otchetov-vruchnuyu/	HELP_DOCUMENTATION	Импорт финансовой аналитики из Ozon	импорт финансовой аналитики из ozon	H2[3]; Загрузка отчетов вручную	NEW_CANDIDATE		Previously unrecorded exact source wording of a concrete seller task; no Wordstat/Search demand proof from page.	ADD_CANDIDATE_FOR_LATER_M6_VALIDATION_ONLY	TARGETED_PUBLIC_PAGE_OBSERVATION_ONLY; NOT_WORDSTAT_DEMAND; NOT_OCTOPORT_PRODUCT_FACT; NOT_FINAL_CLUSTER_OR_PAGE_DECISION; NEW_CANDIDATE_OR_POSSIBLE_VARIANT_IS_NOT_DEMAND
M4QR2CD00106	M4QR2TR0045	REG042	https://selsup.ru/help/zagruzka-otchetov-vruchnuyu/	HELP_DOCUMENTATION	Импорт финансовой аналитики из Яндекс.Маркета	импорт финансовой аналитики из яндекс.маркета	H2[4]; Загрузка отчетов вручную	OUT_OF_SCOPE		Explicit 1C/accounting, external intelligence, onboarding/mutation, or another task outside launch product scope; preserve as page evidence.	NO_M6_PROMOTION_UNSUPPORTED_OR_DIFFERENT_TASK	TARGETED_PUBLIC_PAGE_OBSERVATION_ONLY; NOT_WORDSTAT_DEMAND; NOT_OCTOPORT_PRODUCT_FACT; NOT_FINAL_CLUSTER_OR_PAGE_DECISION; NEW_CANDIDATE_OR_POSSIBLE_VARIANT_IS_NOT_DEMAND
M4QR2CD00107	M4QR2TR0045	REG042	https://selsup.ru/help/zagruzka-otchetov-vruchnuyu/	HELP_DOCUMENTATION	Импорт финансовой аналитики из МегаМаркета	импорт финансовой аналитики из мегамаркета	H2[5]; Загрузка отчетов вручную	OUT_OF_SCOPE		Explicit 1C/accounting, external intelligence, onboarding/mutation, or another task outside launch product scope; preserve as page evidence.	NO_M6_PROMOTION_UNSUPPORTED_OR_DIFFERENT_TASK	TARGETED_PUBLIC_PAGE_OBSERVATION_ONLY; NOT_WORDSTAT_DEMAND; NOT_OCTOPORT_PRODUCT_FACT; NOT_FINAL_CLUSTER_OR_PAGE_DECISION; NEW_CANDIDATE_OR_POSSIBLE_VARIANT_IS_NOT_DEMAND
M4QR2CD00108	M4QR2TR0046	REG051	https://uniseller.io/blog/5-ii-agentov-dlya-sellerov-avtomatizatsiya-rutiny/	ARTICLE_OR_GUIDE	5 ИИ-агентов, которые закроют рутину селлера: от ответов клиентам до видео для карточек	5 ии-агентов, которые закроют рутину селлера: от ответов клиентам до видео для карточек	H1; 5 ИИ-агентов, которые закроют рутину селлера: от ответов клиентам до видео для карточек	AMBIGUOUS		Mixed autonomous/AI/market intelligence claim or under-specified heading; no product/demand inference.	HOLD_FOR_M6_TASK_AND_CAPABILITY_REVIEW	TARGETED_PUBLIC_PAGE_OBSERVATION_ONLY; NOT_WORDSTAT_DEMAND; NOT_OCTOPORT_PRODUCT_FACT; NOT_FINAL_CLUSTER_OR_PAGE_DECISION; NEW_CANDIDATE_OR_POSSIBLE_VARIANT_IS_NOT_DEMAND
M4QR2CD00109	M4QR2TR0046	REG051	https://uniseller.io/blog/5-ii-agentov-dlya-sellerov-avtomatizatsiya-rutiny/	ARTICLE_OR_GUIDE	#\nКак выбрать ИИ-агента под свои задачи	# как выбрать ии-агента под свои задачи	H2[2]; 5 ИИ-агентов, которые закроют рутину селлера: от ответов клиентам до видео для карточек	AMBIGUOUS		Mixed autonomous/AI/market intelligence claim or under-specified heading; no product/demand inference.	HOLD_FOR_M6_TASK_AND_CAPABILITY_REVIEW	TARGETED_PUBLIC_PAGE_OBSERVATION_ONLY; NOT_WORDSTAT_DEMAND; NOT_OCTOPORT_PRODUCT_FACT; NOT_FINAL_CLUSTER_OR_PAGE_DECISION; NEW_CANDIDATE_OR_POSSIBLE_VARIANT_IS_NOT_DEMAND
M4QR2CD00110	M4QR2TR0047	REG051	https://uniseller.io/blog/dolya-reklamnykh-raskhodov-wb-ozon-raschet-normy/	ARTICLE_OR_GUIDE	Доля рекламных расходов на Wildberries и Ozon: как рассчитать и не прогореть	доля рекламных расходов на wildberries и ozon: как рассчитать и не прогореть	H1; Доля рекламных расходов на Wildberries и Ozon: как рассчитать и не прогореть	POSSIBLE_VARIANT		Distinct exact wording of a broad accepted seller task; possible variant only, no synonym/identity merge.	KEEP_EXISTING_VALIDATION_QUESTION_PENDING_EXACT_DEMAND_CHECK	TARGETED_PUBLIC_PAGE_OBSERVATION_ONLY; NOT_WORDSTAT_DEMAND; NOT_OCTOPORT_PRODUCT_FACT; NOT_FINAL_CLUSTER_OR_PAGE_DECISION; NEW_CANDIDATE_OR_POSSIBLE_VARIANT_IS_NOT_DEMAND
M4QR2CD00111	M4QR2TR0047	REG051	https://uniseller.io/blog/dolya-reklamnykh-raskhodov-wb-ozon-raschet-normy/	ARTICLE_OR_GUIDE	#\nКак рассчитать норму для своего товара	# как рассчитать норму для своего товара	H2[3]; Доля рекламных расходов на Wildberries и Ozon: как рассчитать и не прогореть	NEW_CANDIDATE		Previously unrecorded exact source wording of a concrete seller task; no Wordstat/Search demand proof from page.	ADD_CANDIDATE_FOR_LATER_M6_VALIDATION_ONLY	TARGETED_PUBLIC_PAGE_OBSERVATION_ONLY; NOT_WORDSTAT_DEMAND; NOT_OCTOPORT_PRODUCT_FACT; NOT_FINAL_CLUSTER_OR_PAGE_DECISION; NEW_CANDIDATE_OR_POSSIBLE_VARIANT_IS_NOT_DEMAND
M4QR2CD00112	M4QR2TR0047	REG051	https://uniseller.io/blog/dolya-reklamnykh-raskhodov-wb-ozon-raschet-normy/	ARTICLE_OR_GUIDE	#\nКак контролировать ДРР	# как контролировать дрр	H2[7]; Доля рекламных расходов на Wildberries и Ozon: как рассчитать и не прогореть	NEW_CANDIDATE		Previously unrecorded exact source wording of a concrete seller task; no Wordstat/Search demand proof from page.	ADD_CANDIDATE_FOR_LATER_M6_VALIDATION_ONLY	TARGETED_PUBLIC_PAGE_OBSERVATION_ONLY; NOT_WORDSTAT_DEMAND; NOT_OCTOPORT_PRODUCT_FACT; NOT_FINAL_CLUSTER_OR_PAGE_DECISION; NEW_CANDIDATE_OR_POSSIBLE_VARIANT_IS_NOT_DEMAND
M4QR2CD00113	M4QR2TR0048	REG051	https://uniseller.io/blog/ii-na-marketplejsah-kak-prevratit-rutinu-v-pribyl/	ARTICLE_OR_GUIDE	ИИ на маркетплейсах: как превратить рутину в прибыль и не остаться за бортом	ии на маркетплейсах: как превратить рутину в прибыль и не остаться за бортом	H1; ИИ на маркетплейсах: как превратить рутину в прибыль и не остаться за бортом	AMBIGUOUS		Mixed autonomous/AI/market intelligence claim or under-specified heading; no product/demand inference.	HOLD_FOR_M6_TASK_AND_CAPABILITY_REVIEW	TARGETED_PUBLIC_PAGE_OBSERVATION_ONLY; NOT_WORDSTAT_DEMAND; NOT_OCTOPORT_PRODUCT_FACT; NOT_FINAL_CLUSTER_OR_PAGE_DECISION; NEW_CANDIDATE_OR_POSSIBLE_VARIANT_IS_NOT_DEMAND
M4QR2CD00114	M4QR2TR0048	REG051	https://uniseller.io/blog/ii-na-marketplejsah-kak-prevratit-rutinu-v-pribyl/	ARTICLE_OR_GUIDE	#\nКак это выглядит на практике	# как это выглядит на практике	H3[4]; ИИ на маркетплейсах: как превратить рутину в прибыль и не остаться за бортом	NEW_CANDIDATE		Previously unrecorded exact source wording of a concrete seller task; no Wordstat/Search demand proof from page.	ADD_CANDIDATE_FOR_LATER_M6_VALIDATION_ONLY	TARGETED_PUBLIC_PAGE_OBSERVATION_ONLY; NOT_WORDSTAT_DEMAND; NOT_OCTOPORT_PRODUCT_FACT; NOT_FINAL_CLUSTER_OR_PAGE_DECISION; NEW_CANDIDATE_OR_POSSIBLE_VARIANT_IS_NOT_DEMAND
M4QR2CD00115	M4QR2TR0049	REG051	https://uniseller.io/blog/kak-chitat-otchet-o-realizacii-ozon/	ARTICLE_OR_GUIDE	Как читать отчёт о реализации Ozon: разбор для селлеров и бухгалтеров	как читать отчёт о реализации ozon: разбор для селлеров и бухгалтеров	H1; Как читать отчёт о реализации Ozon: разбор для селлеров и бухгалтеров	OUT_OF_SCOPE		Explicit 1C/accounting, external intelligence, onboarding/mutation, or another task outside launch product scope; preserve as page evidence.	NO_M6_PROMOTION_UNSUPPORTED_OR_DIFFERENT_TASK	TARGETED_PUBLIC_PAGE_OBSERVATION_ONLY; NOT_WORDSTAT_DEMAND; NOT_OCTOPORT_PRODUCT_FACT; NOT_FINAL_CLUSTER_OR_PAGE_DECISION; NEW_CANDIDATE_OR_POSSIBLE_VARIANT_IS_NOT_DEMAND
M4QR2CD00116	M4QR2TR0049	REG051	https://uniseller.io/blog/kak-chitat-otchet-o-realizacii-ozon/	ARTICLE_OR_GUIDE	#\nКак найти и скачать отчёт в Ozon Seller	# как найти и скачать отчёт в ozon seller	H2[3]; Как читать отчёт о реализации Ozon: разбор для селлеров и бухгалтеров	NEW_CANDIDATE		Previously unrecorded exact source wording of a concrete seller task; no Wordstat/Search demand proof from page.	ADD_CANDIDATE_FOR_LATER_M6_VALIDATION_ONLY	TARGETED_PUBLIC_PAGE_OBSERVATION_ONLY; NOT_WORDSTAT_DEMAND; NOT_OCTOPORT_PRODUCT_FACT; NOT_FINAL_CLUSTER_OR_PAGE_DECISION; NEW_CANDIDATE_OR_POSSIBLE_VARIANT_IS_NOT_DEMAND
M4QR2CD00117	M4QR2TR0049	REG051	https://uniseller.io/blog/kak-chitat-otchet-o-realizacii-ozon/	ARTICLE_OR_GUIDE	#\nКак посчитать реальную прибыль	# как посчитать реальную прибыль	H2[8]; Как читать отчёт о реализации Ozon: разбор для селлеров и бухгалтеров	NEW_CANDIDATE		Previously unrecorded exact source wording of a concrete seller task; no Wordstat/Search demand proof from page.	ADD_CANDIDATE_FOR_LATER_M6_VALIDATION_ONLY	TARGETED_PUBLIC_PAGE_OBSERVATION_ONLY; NOT_WORDSTAT_DEMAND; NOT_OCTOPORT_PRODUCT_FACT; NOT_FINAL_CLUSTER_OR_PAGE_DECISION; NEW_CANDIDATE_OR_POSSIBLE_VARIANT_IS_NOT_DEMAND
M4QR2CD00118	M4QR2TR0049	REG051	https://uniseller.io/blog/kak-chitat-otchet-o-realizacii-ozon/	ARTICLE_OR_GUIDE	#\nКак работать с УПД-1 и УПД по допуслугам	# как работать с упд-1 и упд по допуслугам	H2[12]; Как читать отчёт о реализации Ozon: разбор для селлеров и бухгалтеров	OUT_OF_SCOPE		Explicit 1C/accounting, external intelligence, onboarding/mutation, or another task outside launch product scope; preserve as page evidence.	NO_M6_PROMOTION_UNSUPPORTED_OR_DIFFERENT_TASK	TARGETED_PUBLIC_PAGE_OBSERVATION_ONLY; NOT_WORDSTAT_DEMAND; NOT_OCTOPORT_PRODUCT_FACT; NOT_FINAL_CLUSTER_OR_PAGE_DECISION; NEW_CANDIDATE_OR_POSSIBLE_VARIANT_IS_NOT_DEMAND
M4QR2CD00119	M4QR2TR0050	REG051	https://uniseller.io/blog/kak-rabotat-v-kabinete-wildberries-seller/	ARTICLE_OR_GUIDE	Как работать в кабинете Wildberries: всё про seller.wildberries.ru в 2026 году	как работать в кабинете wildberries: всё про seller.wildberries.ru в 2026 году	H1; Как работать в кабинете Wildberries: всё про seller.wildberries.ru в 2026 году	POSSIBLE_VARIANT		Distinct exact wording of a broad accepted seller task; possible variant only, no synonym/identity merge.	KEEP_EXISTING_VALIDATION_QUESTION_PENDING_EXACT_DEMAND_CHECK	TARGETED_PUBLIC_PAGE_OBSERVATION_ONLY; NOT_WORDSTAT_DEMAND; NOT_OCTOPORT_PRODUCT_FACT; NOT_FINAL_CLUSTER_OR_PAGE_DECISION; NEW_CANDIDATE_OR_POSSIBLE_VARIANT_IS_NOT_DEMAND
M4QR2CD00120	M4QR2TR0050	REG051	https://uniseller.io/blog/kak-rabotat-v-kabinete-wildberries-seller/	ARTICLE_OR_GUIDE	#\nКак оплатить взнос правильно	# как оплатить взнос правильно	H3[4]; Как работать в кабинете Wildberries: всё про seller.wildberries.ru в 2026 году	OUT_OF_SCOPE		Explicit 1C/accounting, external intelligence, onboarding/mutation, or another task outside launch product scope; preserve as page evidence.	NO_M6_PROMOTION_UNSUPPORTED_OR_DIFFERENT_TASK	TARGETED_PUBLIC_PAGE_OBSERVATION_ONLY; NOT_WORDSTAT_DEMAND; NOT_OCTOPORT_PRODUCT_FACT; NOT_FINAL_CLUSTER_OR_PAGE_DECISION; NEW_CANDIDATE_OR_POSSIBLE_VARIANT_IS_NOT_DEMAND
M4QR2CD00121	M4QR2TR0051	REG051	https://uniseller.io/blog/marzhinalnost-na-marketpleysakh-kak-schitat-i-ne-rabotat-v-minus/	ARTICLE_OR_GUIDE	Маржинальность на маркетплейсах: как считать и не работать в минус	маржинальность на маркетплейсах: как считать и не работать в минус	H1; Маржинальность на маркетплейсах: как считать и не работать в минус	POSSIBLE_VARIANT		Distinct exact wording of a broad accepted seller task; possible variant only, no synonym/identity merge.	KEEP_EXISTING_VALIDATION_QUESTION_PENDING_EXACT_DEMAND_CHECK	TARGETED_PUBLIC_PAGE_OBSERVATION_ONLY; NOT_WORDSTAT_DEMAND; NOT_OCTOPORT_PRODUCT_FACT; NOT_FINAL_CLUSTER_OR_PAGE_DECISION; NEW_CANDIDATE_OR_POSSIBLE_VARIANT_IS_NOT_DEMAND
M4QR2CD00122	M4QR2TR0052	REG051	https://uniseller.io/blog/reklama-wildberries-metriki-ctr-cr-cpo-ddr-roas/	ARTICLE_OR_GUIDE	Реклама на Wildberries без слива бюджета: как читать CTR, CR, CPO и другие метрики	реклама на wildberries без слива бюджета: как читать ctr, cr, cpo и другие метрики	H1; Реклама на Wildberries без слива бюджета: как читать CTR, CR, CPO и другие метрики	POSSIBLE_VARIANT		Distinct exact wording of a broad accepted seller task; possible variant only, no synonym/identity merge.	KEEP_EXISTING_VALIDATION_QUESTION_PENDING_EXACT_DEMAND_CHECK	TARGETED_PUBLIC_PAGE_OBSERVATION_ONLY; NOT_WORDSTAT_DEMAND; NOT_OCTOPORT_PRODUCT_FACT; NOT_FINAL_CLUSTER_OR_PAGE_DECISION; NEW_CANDIDATE_OR_POSSIBLE_VARIANT_IS_NOT_DEMAND
M4QR2CD00123	M4QR2TR0052	REG051	https://uniseller.io/blog/reklama-wildberries-metriki-ctr-cr-cpo-ddr-roas/	ARTICLE_OR_GUIDE	#\nКак не потерять деньги на автокампаниях	# как не потерять деньги на автокампаниях	H2[6]; Реклама на Wildberries без слива бюджета: как читать CTR, CR, CPO и другие метрики	NEW_CANDIDATE		Previously unrecorded exact source wording of a concrete seller task; no Wordstat/Search demand proof from page.	ADD_CANDIDATE_FOR_LATER_M6_VALIDATION_ONLY	TARGETED_PUBLIC_PAGE_OBSERVATION_ONLY; NOT_WORDSTAT_DEMAND; NOT_OCTOPORT_PRODUCT_FACT; NOT_FINAL_CLUSTER_OR_PAGE_DECISION; NEW_CANDIDATE_OR_POSSIBLE_VARIANT_IS_NOT_DEMAND
M4QR2CD00124	M4QR2TR0053	REG051	https://uniseller.io/blog/wildberries-zapustil-ii-pomoshchnika-dlya-sellerov/	ARTICLE_OR_GUIDE	Wildberries запустил ИИ-помощника для селлеров — разбираем, что умеет и зачем нужен	wildberries запустил ии-помощника для селлеров — разбираем, что умеет и зачем нужен	H1; Wildberries запустил ИИ-помощника для селлеров — разбираем, что умеет и зачем нужен	AMBIGUOUS		Mixed autonomous/AI/market intelligence claim or under-specified heading; no product/demand inference.	HOLD_FOR_M6_TASK_AND_CAPABILITY_REVIEW	TARGETED_PUBLIC_PAGE_OBSERVATION_ONLY; NOT_WORDSTAT_DEMAND; NOT_OCTOPORT_PRODUCT_FACT; NOT_FINAL_CLUSTER_OR_PAGE_DECISION; NEW_CANDIDATE_OR_POSSIBLE_VARIANT_IS_NOT_DEMAND
M4QR2CD00125	M4QR2TR0053	REG051	https://uniseller.io/blog/wildberries-zapustil-ii-pomoshchnika-dlya-sellerov/	ARTICLE_OR_GUIDE	#\nКак работает ИИ-ассистент Wildberries	# как работает ии-ассистент wildberries	H2[2]; Wildberries запустил ИИ-помощника для селлеров — разбираем, что умеет и зачем нужен	NEW_CANDIDATE		Previously unrecorded exact source wording of a concrete seller task; no Wordstat/Search demand proof from page.	ADD_CANDIDATE_FOR_LATER_M6_VALIDATION_ONLY	TARGETED_PUBLIC_PAGE_OBSERVATION_ONLY; NOT_WORDSTAT_DEMAND; NOT_OCTOPORT_PRODUCT_FACT; NOT_FINAL_CLUSTER_OR_PAGE_DECISION; NEW_CANDIDATE_OR_POSSIBLE_VARIANT_IS_NOT_DEMAND
M4QR2CD00126	M4QR2TR0054	REG053	https://seo.wbcon.ru/gpt-opisanie/	PUBLIC_TOOL_OR_TOPIC_LANDING	Создание описания для маркетплейсов Wildberries, Ozon и других с помощью ChatGPT	создание описания для маркетплейсов wildberries, ozon и других с помощью chatgpt	H1; Создание описания для маркетплейсов Wildberries, Ozon и других с помощью ChatGPT	POSSIBLE_VARIANT		Distinct exact wording of a broad accepted seller task; possible variant only, no synonym/identity merge.	KEEP_EXISTING_VALIDATION_QUESTION_PENDING_EXACT_DEMAND_CHECK	TARGETED_PUBLIC_PAGE_OBSERVATION_ONLY; NOT_WORDSTAT_DEMAND; NOT_OCTOPORT_PRODUCT_FACT; NOT_FINAL_CLUSTER_OR_PAGE_DECISION; NEW_CANDIDATE_OR_POSSIBLE_VARIANT_IS_NOT_DEMAND
M4QR2CD00127	M4QR2TR0055	REG053	https://wbcon.ru/2023/03/27/chatgpt-instruction-wb-ozon/	ARTICLE_OR_GUIDE	Инструкция к сервису по созданию Описания к товару с помощью ИИ для Wildberries, Ozon и других магазинов	инструкция к сервису по созданию описания к товару с помощью ии для wildberries, ozon и других магазинов	H1; Инструкция к сервису по созданию Описания к товару с помощью ИИ для Wildberries, Ozon и других магазинов	POSSIBLE_VARIANT		Distinct exact wording of a broad accepted seller task; possible variant only, no synonym/identity merge.	KEEP_EXISTING_VALIDATION_QUESTION_PENDING_EXACT_DEMAND_CHECK	TARGETED_PUBLIC_PAGE_OBSERVATION_ONLY; NOT_WORDSTAT_DEMAND; NOT_OCTOPORT_PRODUCT_FACT; NOT_FINAL_CLUSTER_OR_PAGE_DECISION; NEW_CANDIDATE_OR_POSSIBLE_VARIANT_IS_NOT_DEMAND
M4QR2CD00128	M4QR2TR0055	REG053	https://wbcon.ru/2023/03/27/chatgpt-instruction-wb-ozon/	ARTICLE_OR_GUIDE	Как пользоваться	как пользоваться	H3[1]; Инструкция к сервису по созданию Описания к товару с помощью ИИ для Wildberries, Ozon и других магазинов	AMBIGUOUS		Mixed autonomous/AI/market intelligence claim or under-specified heading; no product/demand inference.	HOLD_FOR_M6_TASK_AND_CAPABILITY_REVIEW	TARGETED_PUBLIC_PAGE_OBSERVATION_ONLY; NOT_WORDSTAT_DEMAND; NOT_OCTOPORT_PRODUCT_FACT; NOT_FINAL_CLUSTER_OR_PAGE_DECISION; NEW_CANDIDATE_OR_POSSIBLE_VARIANT_IS_NOT_DEMAND
M4QR2CD00129	M4QR2TR0056	REG053	https://wbcon.ru/popular-request/	PUBLIC_TOOL_OR_TOPIC_LANDING	Популярные актуальные поисковые запросы Wildberries	популярные актуальные поисковые запросы wildberries	H1; Популярные актуальные поисковые запросы Wildberries	POSSIBLE_VARIANT		Distinct exact wording of a broad accepted seller task; possible variant only, no synonym/identity merge.	KEEP_EXISTING_VALIDATION_QUESTION_PENDING_EXACT_DEMAND_CHECK	TARGETED_PUBLIC_PAGE_OBSERVATION_ONLY; NOT_WORDSTAT_DEMAND; NOT_OCTOPORT_PRODUCT_FACT; NOT_FINAL_CLUSTER_OR_PAGE_DECISION; NEW_CANDIDATE_OR_POSSIBLE_VARIANT_IS_NOT_DEMAND
M4QR2CD00130	M4QR2TR0058	REG056	https://wildcrm.ru/blog/finance/tpost/tpmd1sz001-kak-rasschitat-chistuyu-pribil-na-wildbe	ARTICLE_OR_GUIDE	Как рассчитать чистую прибыль на Wildberries	как рассчитать чистую прибыль на wildberries	H1; Как рассчитать чистую прибыль на Wildberries	POSSIBLE_VARIANT		Distinct exact wording of a broad accepted seller task; possible variant only, no synonym/identity merge.	KEEP_EXISTING_VALIDATION_QUESTION_PENDING_EXACT_DEMAND_CHECK	TARGETED_PUBLIC_PAGE_OBSERVATION_ONLY; NOT_WORDSTAT_DEMAND; NOT_OCTOPORT_PRODUCT_FACT; NOT_FINAL_CLUSTER_OR_PAGE_DECISION; NEW_CANDIDATE_OR_POSSIBLE_VARIANT_IS_NOT_DEMAND
M4QR2CD00131	M4QR2TR0058	REG056	https://wildcrm.ru/blog/finance/tpost/tpmd1sz001-kak-rasschitat-chistuyu-pribil-na-wildbe	ARTICLE_OR_GUIDE	Расчет чистой прибыли и маржинальности на Wildberries	расчет чистой прибыли и маржинальности на wildberries	H3[1]; Как рассчитать чистую прибыль на Wildberries	NEW_CANDIDATE		Previously unrecorded exact source wording of a concrete seller task; no Wordstat/Search demand proof from page.	ADD_CANDIDATE_FOR_LATER_M6_VALIDATION_ONLY	TARGETED_PUBLIC_PAGE_OBSERVATION_ONLY; NOT_WORDSTAT_DEMAND; NOT_OCTOPORT_PRODUCT_FACT; NOT_FINAL_CLUSTER_OR_PAGE_DECISION; NEW_CANDIDATE_OR_POSSIBLE_VARIANT_IS_NOT_DEMAND
M4QR2CD00132	M4QR2TR0059	REG056	https://wildcrm.ru/tpost/bb3addjfa1-drr-na-wildberries-kak-rasschitat-i-opti	ARTICLE_OR_GUIDE	ДРР на Wildberries — как рассчитать и оптимизировать	дрр на wildberries — как рассчитать и оптимизировать	H1; ДРР на Wildberries — как рассчитать и оптимизировать	NEW_CANDIDATE		Previously unrecorded exact source wording of a concrete seller task; no Wordstat/Search demand proof from page.	ADD_CANDIDATE_FOR_LATER_M6_VALIDATION_ONLY	TARGETED_PUBLIC_PAGE_OBSERVATION_ONLY; NOT_WORDSTAT_DEMAND; NOT_OCTOPORT_PRODUCT_FACT; NOT_FINAL_CLUSTER_OR_PAGE_DECISION; NEW_CANDIDATE_OR_POSSIBLE_VARIANT_IS_NOT_DEMAND
M4QR2CD00133	M4QR2TR0059	REG056	https://wildcrm.ru/tpost/bb3addjfa1-drr-na-wildberries-kak-rasschitat-i-opti	ARTICLE_OR_GUIDE	Как правильно рассчитать ДРР на Wildberries?	как правильно рассчитать дрр на wildberries?	H2[3]; ДРР на Wildberries — как рассчитать и оптимизировать	NEW_CANDIDATE		Previously unrecorded exact source wording of a concrete seller task; no Wordstat/Search demand proof from page.	ADD_CANDIDATE_FOR_LATER_M6_VALIDATION_ONLY	TARGETED_PUBLIC_PAGE_OBSERVATION_ONLY; NOT_WORDSTAT_DEMAND; NOT_OCTOPORT_PRODUCT_FACT; NOT_FINAL_CLUSTER_OR_PAGE_DECISION; NEW_CANDIDATE_OR_POSSIBLE_VARIANT_IS_NOT_DEMAND
